"tourney_name","tourney_date","match_num","match_stats_id","match_stats_link","minutes","w_ace","w_df","w_svpt","w_1stIn","w_1stWon","w_2ndWon","w_SvGms","w_bpSaved","w_bpFaced","l_ace","l_df","l_svpt","l_1stIn","l_1stWon","l_2ndWon","l_SvGms","l_bpSaved","l_bpFaced"
"ATP World Tour Masters 1000 Monte Carlo",2010-04-11,247,"MS033","http://www.atpworldtour.com/en/scores/2010/410/MS033/match-stats",122,6,5,123,71,43,29,16,7,12,5,3,95,60,43,15,15,2,6
"ATP World Tour Masters 1000 Monte Carlo",2010-04-11,246,"MS037","http://www.atpworldtour.com/en/scores/2010/410/MS037/match-stats",111,6,0,81,54,37,13,13,2,5,4,6,80,45,26,14,13,3,9
"ATP World Tour Masters 1000 Monte Carlo",2010-04-11,245,"QS009","http://www.atpworldtour.com/en/scores/2010/410/QS009/match-stats",58,1,3,66,40,27,17,10,7,8,0,0,48,31,21,9,9,3,6
"ATP World Tour Masters 1000 Monte Carlo",2010-04-11,244,"QS010","http://www.atpworldtour.com/en/scores/2010/410/QS010/match-stats",75,0,3,58,44,28,7,9,1,3,2,1,59,43,21,6,9,6,11
"ATP World Tour Masters 1000 Monte Carlo",2010-04-11,243,"QS011","http://www.atpworldtour.com/en/scores/2010/410/QS011/match-stats",84,4,2,63,36,23,16,8,10,11,2,0,55,32,14,11,7,2,7
"ATP World Tour Masters 1000 Monte Carlo",2010-04-11,242,"QS012","http://www.atpworldtour.com/en/scores/2010/410/QS012/match-stats",99,9,1,67,44,35,13,11,1,1,1,4,81,47,29,20,11,4,6
"ATP World Tour Masters 1000 Monte Carlo",2010-04-11,241,"QS014","http://www.atpworldtour.com/en/scores/2010/410/QS014/match-stats",57,2,1,40,23,20,12,8,0,0,0,0,37,24,13,5,7,2,6
"ATP World Tour Masters 1000 Monte Carlo",2010-04-11,240,"QS013","http://www.atpworldtour.com/en/scores/2010/410/QS013/match-stats",151,2,1,101,77,48,15,15,4,7,5,2,117,72,40,23,16,14,20
"ATP World Tour Masters 1000 Monte Carlo",2010-04-11,239,"QS008","http://www.atpworldtour.com/en/scores/2010/410/QS008/match-stats",149,3,5,92,58,42,17,13,5,7,6,4,92,62,38,15,13,9,12
"ATP World Tour Masters 1000 Monte Carlo",2010-04-11,238,"QS016","http://www.atpworldtour.com/en/scores/2010/410/QS016/match-stats",136,2,1,87,64,38,16,14,4,8,1,4,103,58,34,21,14,8,13
"ATP World Tour Masters 1000 Monte Carlo",2010-04-11,237,"QS018","http://www.atpworldtour.com/en/scores/2010/410/QS018/match-stats",84,2,1,59,37,27,11,10,0,2,2,2,74,43,24,17,10,3,7
"ATP World Tour Masters 1000 Monte Carlo",2010-04-11,236,"QS020","http://www.atpworldtour.com/en/scores/2010/410/QS020/match-stats",80,2,1,58,41,31,11,10,0,0,6,0,68,45,28,11,10,5,8
"ATP World Tour Masters 1000 Monte Carlo",2010-04-11,235,"QS022","http://www.atpworldtour.com/en/scores/2010/410/QS022/match-stats",155,2,5,107,71,45,13,16,7,13,6,7,101,58,33,18,16,5,13
"ATP World Tour Masters 1000 Monte Carlo",2010-04-11,234,"QS024","http://www.atpworldtour.com/en/scores/2010/410/QS024/match-stats",85,6,1,55,32,26,13,10,3,4,3,3,71,40,25,12,10,8,12
"ATP World Tour Masters 1000 Monte Carlo",2010-04-11,233,"QS026","http://www.atpworldtour.com/en/scores/2010/410/QS026/match-stats",95,1,0,53,25,17,19,9,1,2,0,2,76,45,26,13,9,7,11
"ATP World Tour Masters 1000 Monte Carlo",2010-04-11,232,"QS028","http://www.atpworldtour.com/en/scores/2010/410/QS028/match-stats",166,3,1,112,70,50,21,16,10,13,6,4,98,56,40,19,16,4,9
"ATP World Tour Masters 1000 Monte Carlo",2010-04-11,231,"QS021","http://www.atpworldtour.com/en/scores/2010/410/QS021/match-stats",121,2,4,76,46,28,18,13,9,13,8,7,83,33,22,24,13,5,10
"ATP World Tour Masters 1000 Monte Carlo",2010-04-11,230,"QS019","http://www.atpworldtour.com/en/scores/2010/410/QS019/match-stats",108,1,2,83,64,42,5,11,4,7,0,7,73,33,22,21,11,3,7
"ATP World Tour Masters 1000 Monte Carlo",2010-04-11,229,"QS027","http://www.atpworldtour.com/en/scores/2010/410/QS027/match-stats",82,1,0,60,44,29,10,9,3,4,2,2,63,30,19,14,10,7,12
"ATP World Tour Masters 1000 Monte Carlo",2010-04-11,228,"QS029","http://www.atpworldtour.com/en/scores/2010/410/QS029/match-stats",149,8,6,107,49,39,33,16,1,3,0,2,116,69,50,30,17,3,4
"ATP World Tour Masters 1000 Monte Carlo",2010-04-11,227,"QS017","http://www.atpworldtour.com/en/scores/2010/410/QS017/match-stats",55,1,2,48,42,30,1,8,2,3,0,0,48,47,23,0,8,3,8
"ATP World Tour Masters 1000 Monte Carlo",2010-04-11,226,"QS023","http://www.atpworldtour.com/en/scores/2010/410/QS023/match-stats",88,1,0,63,42,28,17,10,5,6,1,2,67,48,25,12,11,1,4
"ATP World Tour Masters 1000 Monte Carlo",2010-04-11,225,"QS025","http://www.atpworldtour.com/en/scores/2010/410/QS025/match-stats",55,2,0,42,26,21,9,8,2,3,4,1,55,35,19,5,8,3,8
"Barcelona",2010-04-19,300,"MS001","http://www.atpworldtour.com/en/scores/2010/425/MS001/match-stats",124,3,2,81,61,40,15,14,3,5,4,2,86,56,37,14,14,7,11
"Barcelona",2010-04-19,299,"MS003","http://www.atpworldtour.com/en/scores/2010/425/MS003/match-stats",76,3,2,58,25,17,20,9,4,5,4,2,60,31,16,16,8,7,11
"Barcelona",2010-04-19,298,"MS002","http://www.atpworldtour.com/en/scores/2010/425/MS002/match-stats",156,4,2,92,68,49,12,16,1,3,1,0,117,87,54,13,15,12,17
"Barcelona",2010-04-19,297,"MS007","http://www.atpworldtour.com/en/scores/2010/425/MS007/match-stats",68,7,2,55,34,29,11,9,1,1,4,4,43,21,14,11,8,1,4
"Barcelona",2010-04-19,296,"MS006","http://www.atpworldtour.com/en/scores/2010/425/MS006/match-stats",126,5,0,75,43,29,19,14,2,5,1,5,96,56,34,20,14,5,9
"Barcelona",2010-04-19,295,"MS005","http://www.atpworldtour.com/en/scores/2010/425/MS005/match-stats",117,3,5,83,65,45,7,10,8,9,0,2,66,42,25,13,10,0,3
"Barcelona",2010-04-19,294,"MS004","http://www.atpworldtour.com/en/scores/2010/425/MS004/match-stats",93,0,1,64,40,27,14,8,4,4,2,1,56,31,19,10,8,7,11
"Barcelona",2010-04-19,293,"MS015","http://www.atpworldtour.com/en/scores/2010/425/MS015/match-stats",58,11,2,49,25,22,16,9,0,0,3,1,48,28,19,8,8,0,3
"Barcelona",2010-04-19,292,"MS013","http://www.atpworldtour.com/en/scores/2010/425/MS013/match-stats",123,8,1,89,57,43,17,15,4,6,2,3,76,42,33,17,14,3,7
"Barcelona",2010-04-19,291,"MS011","http://www.atpworldtour.com/en/scores/2010/425/MS011/match-stats",133,5,3,101,63,42,22,16,2,6,2,1,83,51,32,17,14,7,10
"Barcelona",2010-04-19,290,"MS012","http://www.atpworldtour.com/en/scores/2010/425/MS012/match-stats",154,16,1,104,68,49,21,16,7,10,2,0,104,83,61,11,17,1,3
"Barcelona",2010-04-19,289,"MS009","http://www.atpworldtour.com/en/scores/2010/425/MS009/match-stats",45,0,0,25,16,10,7,4,0,0,0,0,32,19,6,3,5,4,9
"Barcelona",2010-04-19,288,"MS008","http://www.atpworldtour.com/en/scores/2010/425/MS008/match-stats",107,2,2,66,46,33,10,10,4,5,4,3,62,39,24,11,10,1,4
"Barcelona",2010-04-19,287,"MS010","http://www.atpworldtour.com/en/scores/2010/425/MS010/match-stats",62,9,1,48,33,27,8,8,1,1,3,1,42,33,17,4,8,1,5
"Barcelona",2010-04-19,286,"MS014","http://www.atpworldtour.com/en/scores/2010/425/MS014/match-stats",132,1,1,69,44,33,19,11,1,1,13,2,105,72,48,14,10,11,12
"Barcelona",2010-04-19,285,"MS031","http://www.atpworldtour.com/en/scores/2010/425/MS031/match-stats",90,5,1,65,38,28,16,12,1,3,1,1,69,53,31,9,12,1,5
"Barcelona",2010-04-19,284,"MS027","http://www.atpworldtour.com/en/scores/2010/425/MS027/match-stats",65,5,0,51,40,33,6,9,2,2,1,0,55,36,20,11,8,3,6
"Barcelona",2010-04-19,283,"MS020","http://www.atpworldtour.com/en/scores/2010/425/MS020/match-stats",135,3,1,99,76,51,15,16,4,6,6,3,106,70,49,13,15,5,9
"Barcelona",2010-04-19,282,"MS023","http://www.atpworldtour.com/en/scores/2010/425/MS023/match-stats",80,1,2,62,48,34,8,10,3,4,2,1,60,38,29,6,11,2,6
"Barcelona",2010-04-19,281,"MS024","http://www.atpworldtour.com/en/scores/2010/425/MS024/match-stats",66,1,0,43,33,21,8,7,3,4,3,1,57,40,23,7,8,3,7
"Barcelona",2010-04-19,280,"MS019","http://www.atpworldtour.com/en/scores/2010/425/MS019/match-stats",107,0,1,68,32,20,24,11,1,3,3,3,74,42,31,10,11,5,9
"Barcelona",2010-04-19,279,"MS022","http://www.atpworldtour.com/en/scores/2010/425/MS022/match-stats",168,4,1,113,78,52,21,18,8,11,11,3,114,78,51,19,18,4,9
"Barcelona",2010-04-19,278,"MS029","http://www.atpworldtour.com/en/scores/2010/425/MS029/match-stats",104,4,0,68,42,32,14,11,0,1,5,1,72,42,30,16,11,5,7
"Barcelona",2010-04-19,277,"MS017","http://www.atpworldtour.com/en/scores/2010/425/MS017/match-stats",122,7,0,88,54,38,17,13,8,11,8,0,95,67,42,15,14,11,15
"Barcelona",2010-04-19,276,"MS026","http://www.atpworldtour.com/en/scores/2010/425/MS026/match-stats",65,9,1,38,22,20,12,8,0,0,0,1,57,29,16,14,8,4,8
"Barcelona",2010-04-19,275,"MS030","http://www.atpworldtour.com/en/scores/2010/425/MS030/match-stats",104,10,4,78,47,40,18,12,3,3,5,0,71,47,38,14,12,3,4
"Barcelona",2010-04-19,274,"MS018","http://www.atpworldtour.com/en/scores/2010/425/MS018/match-stats",107,3,1,72,49,38,11,12,0,2,3,1,79,49,33,15,12,5,7
"Barcelona",2010-04-19,273,"MS025","http://www.atpworldtour.com/en/scores/2010/425/MS025/match-stats",86,5,0,68,43,36,13,11,0,1,2,2,55,36,26,14,10,0,2
"Barcelona",2010-04-19,272,"MS016","http://www.atpworldtour.com/en/scores/2010/425/MS016/match-stats",148,6,0,82,53,36,18,14,0,3,7,3,97,56,40,24,15,2,4
"Barcelona",2010-04-19,271,"MS021","http://www.atpworldtour.com/en/scores/2010/425/MS021/match-stats",78,5,2,58,36,28,11,9,3,4,4,2,58,30,20,9,8,4,8
"Barcelona",2010-04-19,270,"MS028","http://www.atpworldtour.com/en/scores/2010/425/MS028/match-stats",73,4,1,57,44,34,7,9,3,3,3,1,49,39,25,5,9,2,5
"Barcelona",2010-04-19,269,"MS036","http://www.atpworldtour.com/en/scores/2010/425/MS036/match-stats",131,5,1,97,65,44,16,13,6,8,2,4,83,50,35,18,13,3,7
"Barcelona",2010-04-19,268,"MS051","http://www.atpworldtour.com/en/scores/2010/425/MS051/match-stats",123,7,2,90,53,40,17,12,12,13,2,7,92,56,38,15,13,6,10
"Barcelona",2010-04-19,267,"MS044","http://www.atpworldtour.com/en/scores/2010/425/MS044/match-stats",76,7,5,67,41,32,13,9,10,10,5,0,47,28,18,10,9,1,4
"Barcelona",2010-04-19,266,"MS059","http://www.atpworldtour.com/en/scores/2010/425/MS059/match-stats",118,10,3,78,45,33,16,14,1,5,8,2,100,49,28,25,14,3,9
"Barcelona",2010-04-19,265,"MS035","http://www.atpworldtour.com/en/scores/2010/425/MS035/match-stats",88,2,0,60,40,26,9,10,2,4,1,2,62,46,28,6,10,3,7
"Barcelona",2010-04-19,264,"MS043","http://www.atpworldtour.com/en/scores/2010/425/MS043/match-stats",82,7,0,64,40,28,17,11,0,1,2,0,55,38,25,10,10,1,3
"Barcelona",2010-04-19,263,"MS052","http://www.atpworldtour.com/en/scores/2010/425/MS052/match-stats",60,10,1,39,24,21,11,8,0,0,0,1,45,21,11,11,7,3,7
"Barcelona",2010-04-19,262,"MS060","http://www.atpworldtour.com/en/scores/2010/425/MS060/match-stats",51,5,0,32,17,15,9,6,0,0,3,2,49,24,16,10,6,5,8
"Barcelona",2010-04-19,261,"MS062","http://www.atpworldtour.com/en/scores/2010/425/MS062/match-stats",78,0,0,49,37,21,7,8,5,8,2,0,55,33,14,7,9,5,12
"Barcelona",2010-04-19,260,"MS057","http://www.atpworldtour.com/en/scores/2010/425/MS057/match-stats",105,6,2,84,54,36,16,10,7,9,1,1,71,48,29,10,10,4,8
"Barcelona",2010-04-19,259,"MS050","http://www.atpworldtour.com/en/scores/2010/425/MS050/match-stats",44,3,0,41,24,16,14,7,0,0,0,2,34,20,9,2,6,0,5
"Barcelona",2010-04-19,258,"MS033","http://www.atpworldtour.com/en/scores/2010/425/MS033/match-stats",120,3,3,70,41,30,16,14,1,5,1,2,98,57,33,18,14,6,13
"Barcelona",2010-04-19,257,"MS046","http://www.atpworldtour.com/en/scores/2010/425/MS046/match-stats",102,6,2,70,46,32,9,11,2,5,4,2,76,38,23,18,11,1,5
"Barcelona",2010-04-19,256,"MS038","http://www.atpworldtour.com/en/scores/2010/425/MS038/match-stats",89,2,2,52,28,25,14,9,1,1,1,6,68,46,30,9,10,4,7
"Barcelona",2010-04-19,255,"MS053","http://www.atpworldtour.com/en/scores/2010/425/MS053/match-stats",86,1,1,64,40,28,15,10,2,3,3,1,60,35,23,11,10,3,6
"Barcelona",2010-04-19,254,"MS042","http://www.atpworldtour.com/en/scores/2010/425/MS042/match-stats",108,11,1,62,37,35,17,11,1,1,4,1,81,39,26,25,10,12,13
"Barcelona",2010-04-19,253,"MS054","http://www.atpworldtour.com/en/scores/2010/425/MS054/match-stats",87,1,0,65,41,28,14,9,6,7,1,0,76,53,27,12,8,9,13
"Barcelona",2010-04-19,252,"MS034","http://www.atpworldtour.com/en/scores/2010/425/MS034/match-stats",67,4,0,40,30,25,7,8,0,0,2,3,60,34,21,10,7,7,11
"Barcelona",2010-04-19,251,"MS045","http://www.atpworldtour.com/en/scores/2010/425/MS045/match-stats",157,3,0,93,64,43,16,15,4,7,1,8,108,64,41,16,15,10,16
"Barcelona",2010-04-19,250,"MS061","http://www.atpworldtour.com/en/scores/2010/425/MS061/match-stats",128,2,4,107,81,50,12,13,8,11,0,2,95,49,27,29,13,6,9
"Barcelona",2010-04-19,249,"MS037","http://www.atpworldtour.com/en/scores/2010/425/MS037/match-stats",103,0,3,67,44,31,11,11,4,6,1,0,68,42,26,14,11,2,6
"Barcelona",2010-04-19,248,"MS041","http://www.atpworldtour.com/en/scores/2010/425/MS041/match-stats",81,1,0,56,45,30,6,9,4,6,1,0,54,38,21,8,10,0,5
"Barcelona",2010-04-19,247,"MS058","http://www.atpworldtour.com/en/scores/2010/425/MS058/match-stats",64,2,2,41,27,22,11,8,2,2,4,6,61,29,20,10,8,6,10
"Barcelona",2010-04-19,246,"MS049","http://www.atpworldtour.com/en/scores/2010/425/MS049/match-stats",116,4,0,93,59,39,18,14,5,8,1,0,81,51,32,15,14,1,6
"Barcelona",2010-04-19,245,"QS008","http://www.atpworldtour.com/en/scores/2010/425/QS008/match-stats",99,1,0,81,52,40,16,11,4,4,7,3,73,46,34,15,10,5,6
"Barcelona",2010-04-19,244,"QS009","http://www.atpworldtour.com/en/scores/2010/425/QS009/match-stats",109,8,1,80,44,31,20,12,1,4,3,3,83,50,31,12,12,7,12
"Barcelona",2010-04-19,243,"QS010","http://www.atpworldtour.com/en/scores/2010/425/QS010/match-stats",184,2,1,111,76,49,20,17,4,8,8,3,120,72,51,20,17,11,16
"Barcelona",2010-04-19,242,"QS011","http://www.atpworldtour.com/en/scores/2010/425/QS011/match-stats",66,2,0,39,24,20,9,8,0,1,0,3,54,36,21,5,9,7,12
"Barcelona",2010-04-19,241,"QS012","http://www.atpworldtour.com/en/scores/2010/425/QS012/match-stats",65,1,1,32,23,20,8,7,0,0,3,1,60,37,21,5,7,9,14
"Barcelona",2010-04-19,240,"QS013","http://www.atpworldtour.com/en/scores/2010/425/QS013/match-stats",171,2,2,111,76,50,18,15,8,11,6,3,100,67,46,15,15,6,10
"Barcelona",2010-04-19,239,"QS014","http://www.atpworldtour.com/en/scores/2010/425/QS014/match-stats",136,6,0,99,62,43,23,15,1,3,11,5,98,51,41,25,15,1,2
"Barcelona",2010-04-19,238,"QS016","http://www.atpworldtour.com/en/scores/2010/425/QS016/match-stats",70,4,1,42,26,21,12,8,0,0,2,2,66,33,22,11,8,8,12
"Barcelona",2010-04-19,237,"QS018","http://www.atpworldtour.com/en/scores/2010/425/QS018/match-stats",63,2,0,51,27,22,16,8,5,5,1,3,38,24,13,5,7,1,5
"Barcelona",2010-04-19,236,"QS020","http://www.atpworldtour.com/en/scores/2010/425/QS020/match-stats",125,2,2,84,48,35,19,11,4,5,2,3,67,45,31,12,11,0,2
"Barcelona",2010-04-19,235,"QS022","http://www.atpworldtour.com/en/scores/2010/425/QS022/match-stats",60,3,6,48,25,19,12,8,0,1,1,2,41,26,13,5,7,1,6
"Barcelona",2010-04-19,234,"QS024","http://www.atpworldtour.com/en/scores/2010/425/QS024/match-stats",120,2,1,81,66,46,7,13,4,6,0,3,78,61,40,7,13,3,7
"Barcelona",2010-04-19,233,"QS026","http://www.atpworldtour.com/en/scores/2010/425/QS026/match-stats",165,7,2,121,72,48,25,16,11,14,2,4,94,54,38,24,16,2,5
"Barcelona",2010-04-19,232,"QS028","http://www.atpworldtour.com/en/scores/2010/425/QS028/match-stats",74,2,2,50,31,28,9,9,1,1,1,3,54,34,21,9,8,2,5
"Barcelona",2010-04-19,231,"QS019","http://www.atpworldtour.com/en/scores/2010/425/QS019/match-stats",76,3,3,54,25,19,18,10,1,3,1,1,51,33,21,8,9,1,5
"Barcelona",2010-04-19,230,"QS027","http://www.atpworldtour.com/en/scores/2010/425/QS027/match-stats",92,2,0,56,29,19,15,8,6,8,0,1,58,40,19,6,8,6,12
"Barcelona",2010-04-19,229,"QS025","http://www.atpworldtour.com/en/scores/2010/425/QS025/match-stats",72,2,0,53,36,23,9,8,7,9,1,1,55,29,13,9,9,5,11
"Barcelona",2010-04-19,228,"QS029","http://www.atpworldtour.com/en/scores/2010/425/QS029/match-stats",133,0,0,85,52,35,21,11,6,7,3,1,77,42,29,20,11,2,4
"Barcelona",2010-04-19,227,"QS021","http://www.atpworldtour.com/en/scores/2010/425/QS021/match-stats",73,4,0,52,39,30,10,10,0,1,3,6,73,47,29,9,10,3,7
"Barcelona",2010-04-19,226,"QS017","http://www.atpworldtour.com/en/scores/2010/425/QS017/match-stats",100,5,4,87,58,44,13,10,10,11,2,1,62,42,31,5,10,6,9
"Barcelona",2010-04-19,225,"QS023","http://www.atpworldtour.com/en/scores/2010/425/QS023/match-stats",58,4,2,49,38,28,4,7,4,4,5,9,57,38,20,6,8,3,8
"ATP World Tour Masters 1000 Rome",2010-04-25,300,"MS001","http://www.atpworldtour.com/en/scores/2010/416/MS001/match-stats",104,3,0,55,44,34,7,10,1,1,1,5,81,58,36,9,10,10,13
"ATP World Tour Masters 1000 Rome",2010-04-25,299,"MS002","http://www.atpworldtour.com/en/scores/2010/416/MS002/match-stats",167,0,1,94,72,50,12,14,6,7,14,2,110,85,62,7,15,10,12
"ATP World Tour Masters 1000 Rome",2010-04-25,298,"MS003","http://www.atpworldtour.com/en/scores/2010/416/MS003/match-stats",91,2,0,65,45,32,7,11,1,4,3,3,53,39,22,5,10,2,7
"ATP World Tour Masters 1000 Rome",2010-04-25,297,"MS007","http://www.atpworldtour.com/en/scores/2010/416/MS007/match-stats",198,3,3,99,78,49,11,16,6,11,6,7,121,79,56,14,15,10,14
"ATP World Tour Masters 1000 Rome",2010-04-25,296,"MS005","http://www.atpworldtour.com/en/scores/2010/416/MS005/match-stats",91,2,2,64,48,35,8,9,2,2,2,1,43,25,18,9,8,3,6
"ATP World Tour Masters 1000 Rome",2010-04-25,295,"MS006","http://www.atpworldtour.com/en/scores/2010/416/MS006/match-stats",72,0,0,50,39,27,7,9,1,2,0,2,53,39,22,5,8,3,7
"ATP World Tour Masters 1000 Rome",2010-04-25,294,"MS004","http://www.atpworldtour.com/en/scores/2010/416/MS004/match-stats",97,6,1,70,45,29,18,10,3,4,5,1,61,42,27,8,9,3,6
"ATP World Tour Masters 1000 Rome",2010-04-25,293,"MS015","http://www.atpworldtour.com/en/scores/2010/416/MS015/match-stats",87,1,3,49,28,22,12,10,1,3,5,6,61,41,24,7,10,5,9
"ATP World Tour Masters 1000 Rome",2010-04-25,292,"MS010","http://www.atpworldtour.com/en/scores/2010/416/MS010/match-stats",83,0,1,60,47,35,7,9,5,5,3,0,47,35,22,3,8,4,7
"ATP World Tour Masters 1000 Rome",2010-04-25,291,"MS013","http://www.atpworldtour.com/en/scores/2010/416/MS013/match-stats",96,1,2,64,50,35,9,10,3,3,7,0,61,25,19,18,9,4,6
"ATP World Tour Masters 1000 Rome",2010-04-25,290,"MS011","http://www.atpworldtour.com/en/scores/2010/416/MS011/match-stats",78,8,2,48,25,23,16,9,2,2,2,3,67,34,22,14,8,8,11
"ATP World Tour Masters 1000 Rome",2010-04-25,289,"MS014","http://www.atpworldtour.com/en/scores/2010/416/MS014/match-stats",122,2,2,73,53,39,10,11,3,5,3,4,81,57,40,7,11,7,10
"ATP World Tour Masters 1000 Rome",2010-04-25,288,"MS012","http://www.atpworldtour.com/en/scores/2010/416/MS012/match-stats",88,4,0,62,36,26,18,10,2,2,2,1,54,29,21,14,9,0,2
"ATP World Tour Masters 1000 Rome",2010-04-25,286,"MS008","http://www.atpworldtour.com/en/scores/2010/416/MS008/match-stats",163,7,3,83,52,42,16,14,2,4,0,4,113,70,45,25,15,14,17
"ATP World Tour Masters 1000 Rome",2010-04-25,285,"MS016","http://www.atpworldtour.com/en/scores/2010/416/MS016/match-stats",123,8,2,89,65,46,11,14,3,6,2,3,94,53,35,18,13,6,10
"ATP World Tour Masters 1000 Rome",2010-04-25,284,"MS031","http://www.atpworldtour.com/en/scores/2010/416/MS031/match-stats",60,1,2,39,27,22,7,7,0,0,5,2,52,29,19,4,7,2,7
"ATP World Tour Masters 1000 Rome",2010-04-25,283,"MS020","http://www.atpworldtour.com/en/scores/2010/416/MS020/match-stats",70,2,0,42,29,23,10,8,1,1,2,0,48,28,16,9,8,2,6
"ATP World Tour Masters 1000 Rome",2010-04-25,282,"MS027","http://www.atpworldtour.com/en/scores/2010/416/MS027/match-stats",81,11,3,55,29,26,12,9,2,2,4,1,59,36,20,13,9,1,4
"ATP World Tour Masters 1000 Rome",2010-04-25,281,"MS023","http://www.atpworldtour.com/en/scores/2010/416/MS023/match-stats",74,7,3,56,40,30,12,10,3,3,1,3,57,29,19,13,9,4,7
"ATP World Tour Masters 1000 Rome",2010-04-25,280,"MS028","http://www.atpworldtour.com/en/scores/2010/416/MS028/match-stats",108,3,2,76,63,47,7,11,3,4,4,2,63,41,31,11,10,1,3
"ATP World Tour Masters 1000 Rome",2010-04-25,279,"MS024","http://www.atpworldtour.com/en/scores/2010/416/MS024/match-stats",81,0,2,53,40,24,8,8,4,6,1,0,58,32,17,8,9,4,10
"ATP World Tour Masters 1000 Rome",2010-04-25,278,"MS019","http://www.atpworldtour.com/en/scores/2010/416/MS019/match-stats",145,12,4,108,61,46,24,15,8,10,6,2,94,57,44,21,15,3,4
"ATP World Tour Masters 1000 Rome",2010-04-25,277,"MS022","http://www.atpworldtour.com/en/scores/2010/416/MS022/match-stats",184,4,3,106,66,43,21,15,7,11,4,3,97,56,36,24,14,7,10
"ATP World Tour Masters 1000 Rome",2010-04-25,276,"MS018","http://www.atpworldtour.com/en/scores/2010/416/MS018/match-stats",126,17,2,72,46,39,12,12,1,2,8,4,91,55,37,16,12,11,13
"ATP World Tour Masters 1000 Rome",2010-04-25,275,"MS026","http://www.atpworldtour.com/en/scores/2010/416/MS026/match-stats",87,1,0,61,51,34,9,10,5,6,1,0,60,42,22,11,10,2,6
"ATP World Tour Masters 1000 Rome",2010-04-25,274,"MS030","http://www.atpworldtour.com/en/scores/2010/416/MS030/match-stats",120,8,2,75,46,37,18,12,3,4,16,3,97,66,41,19,12,2,4
"ATP World Tour Masters 1000 Rome",2010-04-25,273,"MS021","http://www.atpworldtour.com/en/scores/2010/416/MS021/match-stats",96,4,0,68,58,39,6,11,5,7,3,3,67,50,29,8,11,1,4
"ATP World Tour Masters 1000 Rome",2010-04-25,272,"MS029","http://www.atpworldtour.com/en/scores/2010/416/MS029/match-stats",76,2,1,54,38,23,8,9,5,8,4,3,46,23,11,7,8,2,8
"ATP World Tour Masters 1000 Rome",2010-04-25,271,"MS025","http://www.atpworldtour.com/en/scores/2010/416/MS025/match-stats",65,3,0,49,42,30,5,8,0,0,5,1,64,41,23,10,9,8,12
"ATP World Tour Masters 1000 Rome",2010-04-25,270,"MS017","http://www.atpworldtour.com/en/scores/2010/416/MS017/match-stats",65,0,0,42,35,22,7,7,1,2,1,0,41,33,12,2,7,6,12
"ATP World Tour Masters 1000 Rome",2010-04-25,269,"MS059","http://www.atpworldtour.com/en/scores/2010/416/MS059/match-stats",149,6,3,88,43,31,22,14,2,5,5,4,95,61,36,17,15,2,7
"ATP World Tour Masters 1000 Rome",2010-04-25,268,"MS044","http://www.atpworldtour.com/en/scores/2010/416/MS044/match-stats",78,5,1,49,35,24,7,9,2,4,1,0,52,36,18,7,9,3,8
"ATP World Tour Masters 1000 Rome",2010-04-25,267,"MS036","http://www.atpworldtour.com/en/scores/2010/416/MS036/match-stats",159,14,0,93,53,39,20,15,3,5,6,3,108,63,43,19,15,7,13
"ATP World Tour Masters 1000 Rome",2010-04-25,266,"MS051","http://www.atpworldtour.com/en/scores/2010/416/MS051/match-stats",58,3,1,52,36,26,7,8,4,5,1,0,46,33,12,7,7,8,13
"ATP World Tour Masters 1000 Rome",2010-04-25,265,"MS052","http://www.atpworldtour.com/en/scores/2010/416/MS052/match-stats",70,1,0,54,43,29,6,9,3,5,1,2,41,21,10,7,8,0,5
"ATP World Tour Masters 1000 Rome",2010-04-25,264,"MS060","http://www.atpworldtour.com/en/scores/2010/416/MS060/match-stats",156,20,2,98,67,55,20,17,0,1,6,2,120,84,62,20,17,9,10
"ATP World Tour Masters 1000 Rome",2010-04-25,263,"MS035","http://www.atpworldtour.com/en/scores/2010/416/MS035/match-stats",165,4,5,110,76,52,17,16,7,11,11,2,134,81,57,22,17,8,11
"ATP World Tour Masters 1000 Rome",2010-04-25,262,"MS043","http://www.atpworldtour.com/en/scores/2010/416/MS043/match-stats",138,2,1,76,52,34,12,12,3,7,3,7,97,58,32,21,12,7,12
"ATP World Tour Masters 1000 Rome",2010-04-25,261,"MS037","http://www.atpworldtour.com/en/scores/2010/416/MS037/match-stats",146,7,2,88,52,42,20,15,1,2,6,3,103,58,39,22,14,4,8
"ATP World Tour Masters 1000 Rome",2010-04-25,260,"MS061","http://www.atpworldtour.com/en/scores/2010/416/MS061/match-stats",127,3,1,65,36,25,21,13,0,2,7,1,90,66,42,9,13,7,11
"ATP World Tour Masters 1000 Rome",2010-04-25,259,"MS057","http://www.atpworldtour.com/en/scores/2010/416/MS057/match-stats",91,6,1,57,38,29,9,9,1,2,1,1,62,36,17,14,8,5,9
"ATP World Tour Masters 1000 Rome",2010-04-25,258,"MS062","http://www.atpworldtour.com/en/scores/2010/416/MS062/match-stats",96,10,1,62,35,25,20,10,3,3,2,0,78,50,29,17,10,9,11
"ATP World Tour Masters 1000 Rome",2010-04-25,257,"MS058","http://www.atpworldtour.com/en/scores/2010/416/MS058/match-stats",63,5,1,50,36,27,7,8,0,0,0,0,41,27,13,7,8,0,4
"ATP World Tour Masters 1000 Rome",2010-04-25,256,"MS033","http://www.atpworldtour.com/en/scores/2010/416/MS033/match-stats",70,6,2,49,39,28,7,8,1,1,1,1,52,30,14,11,8,2,6
"ATP World Tour Masters 1000 Rome",2010-04-25,255,"MS042","http://www.atpworldtour.com/en/scores/2010/416/MS042/match-stats",126,11,2,87,61,44,15,14,2,3,3,2,96,64,41,15,15,3,8
"ATP World Tour Masters 1000 Rome",2010-04-25,254,"MS041","http://www.atpworldtour.com/en/scores/2010/416/MS041/match-stats",148,3,4,103,66,48,19,15,9,10,7,3,105,68,44,19,14,8,12
"ATP World Tour Masters 1000 Rome",2010-04-25,253,"MS050","http://www.atpworldtour.com/en/scores/2010/416/MS050/match-stats",118,14,1,81,51,36,17,14,3,5,2,5,80,50,32,17,13,3,6
"ATP World Tour Masters 1000 Rome",2010-04-25,252,"MS038","http://www.atpworldtour.com/en/scores/2010/416/MS038/match-stats",73,11,1,60,35,31,15,10,2,2,6,2,51,34,24,9,9,1,3
"ATP World Tour Masters 1000 Rome",2010-04-25,251,"MS046","http://www.atpworldtour.com/en/scores/2010/416/MS046/match-stats",132,5,2,88,46,31,18,13,11,15,4,2,83,53,32,15,14,3,8
"ATP World Tour Masters 1000 Rome",2010-04-25,250,"MS054","http://www.atpworldtour.com/en/scores/2010/416/MS054/match-stats",70,0,1,59,46,31,7,8,4,5,0,5,46,23,11,7,7,2,7
"ATP World Tour Masters 1000 Rome",2010-04-25,249,"MS053","http://www.atpworldtour.com/en/scores/2010/416/MS053/match-stats",69,1,0,48,37,28,6,8,2,2,0,0,47,24,13,11,8,1,5
"ATP World Tour Masters 1000 Rome",2010-04-25,248,"MS049","http://www.atpworldtour.com/en/scores/2010/416/MS049/match-stats",69,2,3,41,23,16,7,8,1,4,2,0,55,31,18,8,9,3,8
"ATP World Tour Masters 1000 Rome",2010-04-25,247,"MS034","http://www.atpworldtour.com/en/scores/2010/416/MS034/match-stats",145,0,2,78,62,45,5,9,12,12,7,1,108,63,41,17,10,17,20
"ATP World Tour Masters 1000 Rome",2010-04-25,246,"MS045","http://www.atpworldtour.com/en/scores/2010/416/MS045/match-stats",57,6,0,38,22,19,13,8,0,0,3,2,46,25,14,8,7,3,7
"ATP World Tour Masters 1000 Rome",2010-04-25,245,"QS008","http://www.atpworldtour.com/en/scores/2010/416/QS008/match-stats",66,1,1,46,39,30,4,8,0,0,0,1,46,31,15,8,8,3,7
"ATP World Tour Masters 1000 Rome",2010-04-25,244,"QS009","http://www.atpworldtour.com/en/scores/2010/416/QS009/match-stats",115,6,4,89,56,44,17,12,3,4,2,0,79,56,43,14,12,2,3
"ATP World Tour Masters 1000 Rome",2010-04-25,243,"QS011","http://www.atpworldtour.com/en/scores/2010/416/QS011/match-stats",95,5,1,63,42,30,11,8,7,7,1,6,60,36,19,10,8,5,9
"ATP World Tour Masters 1000 Rome",2010-04-25,242,"QS012","http://www.atpworldtour.com/en/scores/2010/416/QS012/match-stats",152,2,3,87,49,37,24,15,1,3,5,2,101,61,40,18,14,7,12
"ATP World Tour Masters 1000 Rome",2010-04-25,241,"QS013","http://www.atpworldtour.com/en/scores/2010/416/QS013/match-stats",118,4,1,88,63,46,15,14,1,2,4,0,97,78,53,7,14,7,9
"ATP World Tour Masters 1000 Rome",2010-04-25,240,"QS014","http://www.atpworldtour.com/en/scores/2010/416/QS014/match-stats",109,5,2,81,55,41,15,13,3,4,10,2,96,65,39,17,13,9,12
"ATP World Tour Masters 1000 Rome",2010-04-25,239,"QS010","http://www.atpworldtour.com/en/scores/2010/416/QS010/match-stats",87,0,0,62,45,28,10,9,4,6,0,0,58,29,13,14,9,3,8
"ATP World Tour Masters 1000 Rome",2010-04-25,238,"QS016","http://www.atpworldtour.com/en/scores/2010/416/QS016/match-stats",65,0,1,48,30,19,11,8,1,3,0,5,45,18,12,7,8,4,10
"ATP World Tour Masters 1000 Rome",2010-04-25,237,"QS018","http://www.atpworldtour.com/en/scores/2010/416/QS018/match-stats",95,5,2,75,41,33,21,11,6,7,0,1,59,46,31,8,10,1,3
"ATP World Tour Masters 1000 Rome",2010-04-25,236,"QS020","http://www.atpworldtour.com/en/scores/2010/416/QS020/match-stats",73,1,2,58,30,19,15,9,0,3,1,1,60,41,19,6,10,3,10
"ATP World Tour Masters 1000 Rome",2010-04-25,235,"QS022","http://www.atpworldtour.com/en/scores/2010/416/QS022/match-stats",97,1,2,59,31,22,18,10,3,5,2,2,67,36,20,15,9,2,6
"ATP World Tour Masters 1000 Rome",2010-04-25,234,"QS024","http://www.atpworldtour.com/en/scores/2010/416/QS024/match-stats",84,3,3,50,24,17,16,9,1,3,0,6,67,42,24,10,10,7,12
"ATP World Tour Masters 1000 Rome",2010-04-25,233,"QS026","http://www.atpworldtour.com/en/scores/2010/416/QS026/match-stats",100,1,1,77,62,43,7,12,3,6,1,1,71,40,29,16,12,2,5
"ATP World Tour Masters 1000 Rome",2010-04-25,232,"QS028","http://www.atpworldtour.com/en/scores/2010/416/QS028/match-stats",53,2,2,46,24,20,13,8,1,1,2,3,52,24,12,13,8,5,9
"ATP World Tour Masters 1000 Rome",2010-04-25,231,"QS017","http://www.atpworldtour.com/en/scores/2010/416/QS017/match-stats",129,4,3,108,72,50,15,14,8,11,6,3,80,50,30,17,14,4,9
"ATP World Tour Masters 1000 Rome",2010-04-25,230,"QS021","http://www.atpworldtour.com/en/scores/2010/416/QS021/match-stats",101,1,0,63,40,26,10,9,5,7,0,2,64,46,22,11,10,4,9
"ATP World Tour Masters 1000 Rome",2010-04-25,229,"QS023","http://www.atpworldtour.com/en/scores/2010/416/QS023/match-stats",64,2,0,47,31,21,11,8,0,1,3,2,48,26,14,8,8,8,13
"ATP World Tour Masters 1000 Rome",2010-04-25,228,"QS025","http://www.atpworldtour.com/en/scores/2010/416/QS025/match-stats",80,4,7,53,24,19,13,9,2,4,1,7,66,26,17,16,10,4,9
"ATP World Tour Masters 1000 Rome",2010-04-25,227,"QS027","http://www.atpworldtour.com/en/scores/2010/416/QS027/match-stats",137,1,0,93,77,50,7,15,3,7,0,5,103,63,42,17,15,5,12
"ATP World Tour Masters 1000 Rome",2010-04-25,226,"QS019","http://www.atpworldtour.com/en/scores/2010/416/QS019/match-stats",121,3,1,82,51,34,17,11,8,10,0,1,87,55,29,19,11,5,8
"ATP World Tour Masters 1000 Rome",2010-04-25,225,"QS029","http://www.atpworldtour.com/en/scores/2010/416/QS029/match-stats",81,5,0,64,45,28,12,9,6,7,1,2,58,30,20,8,8,0,4
"Munich",2010-05-02,300,"MS001","http://www.atpworldtour.com/en/scores/2010/308/MS001/match-stats",171,6,1,109,68,51,19,15,7,9,5,5,103,49,34,28,14,8,11
"Munich",2010-05-02,299,"MS002","http://www.atpworldtour.com/en/scores/2010/308/MS002/match-stats",136,8,2,101,64,45,21,13,8,9,10,0,85,46,32,20,13,1,4
"Munich",2010-05-02,298,"MS003","http://www.atpworldtour.com/en/scores/2010/308/MS003/match-stats",104,3,0,77,54,38,13,12,2,4,4,3,72,44,33,14,12,3,6
"Munich",2010-05-02,297,"MS004","http://www.atpworldtour.com/en/scores/2010/308/MS004/match-stats",141,5,1,112,74,56,19,15,10,10,11,1,95,69,54,11,15,2,5
"Munich",2010-05-02,296,"MS007","http://www.atpworldtour.com/en/scores/2010/308/MS007/match-stats",76,4,3,66,44,33,8,8,8,9,0,0,52,39,18,5,8,5,10
"Munich",2010-05-02,295,"MS006","http://www.atpworldtour.com/en/scores/2010/308/MS006/match-stats",109,7,1,80,44,31,22,13,6,8,7,3,76,47,36,17,13,7,9
"Munich",2010-05-02,294,"MS005","http://www.atpworldtour.com/en/scores/2010/308/MS005/match-stats",84,6,0,62,36,24,17,10,5,6,3,0,56,41,26,6,9,2,5
"Munich",2010-05-02,293,"MS008","http://www.atpworldtour.com/en/scores/2010/308/MS008/match-stats",152,5,2,92,61,48,17,16,3,4,1,1,113,72,42,23,16,5,9
"Munich",2010-05-02,292,"MS015","http://www.atpworldtour.com/en/scores/2010/308/MS015/match-stats",60,1,0,45,39,33,2,9,0,1,1,3,59,41,23,8,9,6,10
"Munich",2010-05-02,291,"MS013","http://www.atpworldtour.com/en/scores/2010/308/MS013/match-stats",102,1,0,58,27,20,20,9,6,7,3,1,59,35,19,10,10,5,10
"Munich",2010-05-02,290,"MS010","http://www.atpworldtour.com/en/scores/2010/308/MS010/match-stats",68,1,0,38,31,29,3,8,0,0,2,0,36,24,14,6,7,3,7
"Munich",2010-05-02,289,"MS011","http://www.atpworldtour.com/en/scores/2010/308/MS011/match-stats",77,7,3,61,29,25,18,10,3,4,2,1,59,40,25,10,9,4,7
"Munich",2010-05-02,288,"MS009","http://www.atpworldtour.com/en/scores/2010/308/MS009/match-stats",125,17,3,100,69,54,19,16,9,10,8,3,102,71,52,17,16,6,8
"Munich",2010-05-02,287,"MS014","http://www.atpworldtour.com/en/scores/2010/308/MS014/match-stats",73,0,1,50,36,27,9,8,1,1,6,2,58,33,21,7,8,5,9
"Munich",2010-05-02,286,"MS012","http://www.atpworldtour.com/en/scores/2010/308/MS012/match-stats",87,8,1,61,37,30,11,9,4,5,0,2,62,45,26,5,8,5,9
"Munich",2010-05-02,285,"MS016","http://www.atpworldtour.com/en/scores/2010/308/MS016/match-stats",68,6,1,46,35,26,7,9,0,1,5,2,50,35,21,4,9,0,4
"Munich",2010-05-02,284,"MS031","http://www.atpworldtour.com/en/scores/2010/308/MS031/match-stats",59,2,1,47,33,25,9,9,3,4,5,2,41,21,14,5,8,1,5
"Munich",2010-05-02,283,"MS027","http://www.atpworldtour.com/en/scores/2010/308/MS027/match-stats",44,0,1,32,14,12,16,7,0,0,0,2,43,26,15,4,7,1,6
"Munich",2010-05-02,282,"MS020","http://www.atpworldtour.com/en/scores/2010/308/MS020/match-stats",78,4,0,57,40,29,13,10,1,1,4,0,56,41,25,11,10,3,5
"Munich",2010-05-02,281,"MS023","http://www.atpworldtour.com/en/scores/2010/308/MS023/match-stats",100,3,8,62,33,27,11,12,4,8,1,5,98,63,30,18,12,3,10
"Munich",2010-05-02,280,"MS019","http://www.atpworldtour.com/en/scores/2010/308/MS019/match-stats",55,4,1,36,16,16,16,8,0,0,1,0,50,30,17,9,8,1,5
"Munich",2010-05-02,279,"MS024","http://www.atpworldtour.com/en/scores/2010/308/MS024/match-stats",110,3,4,80,45,36,12,13,5,8,4,4,85,57,36,14,14,4,9
"Munich",2010-05-02,278,"MS028","http://www.atpworldtour.com/en/scores/2010/308/MS028/match-stats",117,9,2,92,48,31,22,13,6,9,1,4,90,40,28,20,13,9,15
"Munich",2010-05-02,277,"MS018","http://www.atpworldtour.com/en/scores/2010/308/MS018/match-stats",59,2,2,41,23,18,8,6,2,3,1,1,32,20,14,5,5,1,2
"Munich",2010-05-02,276,"MS030","http://www.atpworldtour.com/en/scores/2010/308/MS030/match-stats",114,0,4,84,52,37,19,14,3,6,5,1,77,56,39,10,13,1,4
"Munich",2010-05-02,275,"MS022","http://www.atpworldtour.com/en/scores/2010/308/MS022/match-stats",52,5,2,46,25,22,12,8,2,2,1,2,50,44,22,3,8,3,7
"Munich",2010-05-02,274,"MS017","http://www.atpworldtour.com/en/scores/2010/308/MS017/match-stats",71,9,1,56,39,35,6,10,0,0,3,4,56,31,21,13,10,4,7
"Munich",2010-05-02,273,"MS029","http://www.atpworldtour.com/en/scores/2010/308/MS029/match-stats",68,3,3,74,34,25,22,8,8,8,2,3,48,30,18,6,7,6,10
"Munich",2010-05-02,272,"MS025","http://www.atpworldtour.com/en/scores/2010/308/MS025/match-stats",132,0,1,68,36,24,17,12,2,6,3,2,86,52,33,13,12,9,14
"Munich",2010-05-02,271,"MS026","http://www.atpworldtour.com/en/scores/2010/308/MS026/match-stats",119,7,2,85,53,36,17,14,2,5,1,1,88,51,25,19,13,9,15
"Munich",2010-05-02,270,"MS021","http://www.atpworldtour.com/en/scores/2010/308/MS021/match-stats",126,8,4,91,56,41,19,15,2,4,2,1,109,85,50,13,15,11,16
"Munich",2010-05-02,269,"QS004","http://www.atpworldtour.com/en/scores/2010/308/QS004/match-stats",139,8,3,103,67,49,13,15,8,12,4,3,100,67,42,14,14,9,13
"Munich",2010-05-02,268,"QS005","http://www.atpworldtour.com/en/scores/2010/308/QS005/match-stats",67,1,0,43,30,20,10,8,2,3,2,1,48,32,14,6,7,5,10
"Munich",2010-05-02,267,"QS007","http://www.atpworldtour.com/en/scores/2010/308/QS007/match-stats",71,2,2,57,38,27,13,9,5,6,2,2,47,24,17,7,8,1,5
"Munich",2010-05-02,266,"QS006","http://www.atpworldtour.com/en/scores/2010/308/QS006/match-stats",37,2,1,21,12,9,3,3,2,3,0,1,24,9,7,4,2,3,4
"Munich",2010-05-02,265,"QS008","http://www.atpworldtour.com/en/scores/2010/308/QS008/match-stats",70,4,1,42,26,21,9,8,2,3,0,0,52,35,16,7,7,4,9
"Munich",2010-05-02,264,"QS010","http://www.atpworldtour.com/en/scores/2010/308/QS010/match-stats",60,0,0,46,32,24,10,8,0,0,1,2,65,41,25,9,9,6,10
"Munich",2010-05-02,263,"QS012","http://www.atpworldtour.com/en/scores/2010/308/QS012/match-stats",108,8,1,76,56,41,8,13,6,9,13,3,93,60,40,15,14,7,10
"Munich",2010-05-02,262,"QS014","http://www.atpworldtour.com/en/scores/2010/308/QS014/match-stats",46,2,0,38,28,19,9,7,0,0,2,3,37,20,10,4,6,1,6
"Munich",2010-05-02,261,"QS009","http://www.atpworldtour.com/en/scores/2010/308/QS009/match-stats",108,3,0,77,56,40,11,11,2,3,3,3,61,38,30,11,11,4,6
"Munich",2010-05-02,260,"QS011","http://www.atpworldtour.com/en/scores/2010/308/QS011/match-stats",121,10,1,103,69,51,23,15,4,4,0,2,90,65,44,13,14,4,7
"Munich",2010-05-02,259,"QS015","http://www.atpworldtour.com/en/scores/2010/308/QS015/match-stats",114,4,4,91,55,37,23,14,3,4,2,3,95,50,35,23,14,2,4
"Munich",2010-05-02,258,"QS013","http://www.atpworldtour.com/en/scores/2010/308/QS013/match-stats",82,10,3,46,32,30,9,9,2,2,1,8,91,49,31,19,10,10,13
"Munich",2010-05-02,257,"QS019","http://www.atpworldtour.com/en/scores/2010/308/QS019/match-stats",66,5,0,48,37,30,8,9,1,1,3,4,58,35,20,10,8,3,6
"Munich",2010-05-02,256,"QS023","http://www.atpworldtour.com/en/scores/2010/308/QS023/match-stats",69,2,4,64,45,35,8,10,6,6,9,1,61,44,34,5,9,2,4
"Munich",2010-05-02,255,"QS027","http://www.atpworldtour.com/en/scores/2010/308/QS027/match-stats",64,2,2,49,32,27,11,9,2,2,2,4,54,23,16,15,9,1,4
"Munich",2010-05-02,254,"QS031","http://www.atpworldtour.com/en/scores/2010/308/QS031/match-stats",84,5,1,67,42,33,19,12,1,2,4,2,87,57,41,15,12,5,7
"Munich",2010-05-02,253,"QS030","http://www.atpworldtour.com/en/scores/2010/308/QS030/match-stats",84,5,2,64,46,35,10,11,4,5,6,2,67,35,22,18,11,0,3
"Munich",2010-05-02,252,"QS018","http://www.atpworldtour.com/en/scores/2010/308/QS018/match-stats",80,3,0,46,26,25,13,9,1,1,2,0,66,50,31,6,9,6,9
"Munich",2010-05-02,251,"QS025","http://www.atpworldtour.com/en/scores/2010/308/QS025/match-stats",84,4,3,64,41,30,13,9,4,4,4,3,69,41,28,11,9,4,7
"Munich",2010-05-02,250,"QS026","http://www.atpworldtour.com/en/scores/2010/308/QS026/match-stats",81,4,3,94,69,44,14,15,6,10,2,4,81,48,31,17,14,2,6
"Munich",2010-05-02,249,"QS021","http://www.atpworldtour.com/en/scores/2010/308/QS021/match-stats",195,13,3,95,63,49,19,16,3,5,4,7,107,65,46,21,16,4,6
"Munich",2010-05-02,248,"QS017","http://www.atpworldtour.com/en/scores/2010/308/QS017/match-stats",58,1,1,48,37,27,4,8,4,5,2,0,45,26,13,7,8,3,8
"Munich",2010-05-02,247,"QS022","http://www.atpworldtour.com/en/scores/2010/308/QS022/match-stats",132,9,2,93,76,59,10,16,3,3,1,1,96,74,53,9,14,6,8
"Munich",2010-05-02,246,"QS029","http://www.atpworldtour.com/en/scores/2010/308/QS029/match-stats",138,3,1,81,49,38,15,14,1,4,2,4,96,68,42,11,14,7,12
"<span class=""tourney-title"">",2010-05-03,300,"MS001","http://www.atpworldtour.com/en/scores/2010/468/MS001/match-stats",153,2,4,97,55,42,18,16,2,6,1,2,108,70,39,18,16,8,15
"<span class=""tourney-title"">",2010-05-03,299,"MS002","http://www.atpworldtour.com/en/scores/2010/468/MS002/match-stats",82,0,0,61,42,29,13,10,2,3,2,1,65,43,28,10,10,3,6
"<span class=""tourney-title"">",2010-05-03,298,"MS003","http://www.atpworldtour.com/en/scores/2010/468/MS003/match-stats",149,2,1,93,60,41,17,14,3,6,3,4,105,77,44,13,15,8,14
"<span class=""tourney-title"">",2010-05-03,297,"MS004","http://www.atpworldtour.com/en/scores/2010/468/MS004/match-stats",97,4,0,62,37,30,15,10,2,3,3,0,76,46,30,12,10,5,8
"<span class=""tourney-title"">",2010-05-03,296,"MS005","http://www.atpworldtour.com/en/scores/2010/468/MS005/match-stats",90,2,3,58,33,23,12,10,2,5,3,1,64,47,26,6,9,7,12
"<span class=""tourney-title"">",2010-05-03,295,"MS006","http://www.atpworldtour.com/en/scores/2010/468/MS006/match-stats",27,1,0,17,13,12,4,4,0,0,0,0,20,16,4,0,4,1,5
"<span class=""tourney-title"">",2010-05-03,294,"MS007","http://www.atpworldtour.com/en/scores/2010/468/MS007/match-stats",140,3,1,101,60,43,23,15,4,8,3,1,90,71,44,10,16,2,7
"<span class=""tourney-title"">",2010-05-03,293,"MS008","http://www.atpworldtour.com/en/scores/2010/468/MS008/match-stats",83,3,0,56,27,20,22,10,3,3,4,5,78,43,29,15,9,7,9
"<span class=""tourney-title"">",2010-05-03,292,"MS010","http://www.atpworldtour.com/en/scores/2010/468/MS010/match-stats",56,1,0,49,36,28,7,8,2,2,2,0,41,23,16,3,7,1,5
"<span class=""tourney-title"">",2010-05-03,291,"MS012","http://www.atpworldtour.com/en/scores/2010/468/MS012/match-stats",82,1,0,43,31,22,11,8,0,0,2,1,70,50,27,7,8,11,15
"<span class=""tourney-title"">",2010-05-03,290,"MS011","http://www.atpworldtour.com/en/scores/2010/468/MS011/match-stats",133,1,2,82,54,39,14,12,4,7,1,5,84,51,32,17,12,1,4
"<span class=""tourney-title"">",2010-05-03,289,"MS009","http://www.atpworldtour.com/en/scores/2010/468/MS009/match-stats",91,0,0,58,33,26,16,10,0,0,2,1,57,40,31,4,9,5,7
"<span class=""tourney-title"">",2010-05-03,288,"MS014","http://www.atpworldtour.com/en/scores/2010/468/MS014/match-stats",92,5,3,63,43,34,8,10,1,2,5,3,71,40,28,11,10,3,6
"<span class=""tourney-title"">",2010-05-03,287,"MS015","http://www.atpworldtour.com/en/scores/2010/468/MS015/match-stats",92,3,5,66,48,39,4,10,6,7,1,3,70,39,31,10,10,5,8
"<span class=""tourney-title"">",2010-05-03,286,"MS013","http://www.atpworldtour.com/en/scores/2010/468/MS013/match-stats",67,3,0,44,26,19,14,8,0,0,1,2,51,39,21,4,7,4,8
"<span class=""tourney-title"">",2010-05-03,285,"MS024","http://www.atpworldtour.com/en/scores/2010/468/MS024/match-stats",106,1,1,77,52,36,14,10,2,3,2,3,73,37,26,17,10,0,3
"<span class=""tourney-title"">",2010-05-03,284,"MS028","http://www.atpworldtour.com/en/scores/2010/468/MS028/match-stats",138,2,1,98,65,43,16,14,2,5,2,6,101,56,30,21,15,6,13
"<span class=""tourney-title"">",2010-05-03,283,"MS019","http://www.atpworldtour.com/en/scores/2010/468/MS019/match-stats",113,0,0,71,51,35,11,11,5,8,1,2,81,50,30,15,11,4,8
"<span class=""tourney-title"">",2010-05-03,282,"MS023","http://www.atpworldtour.com/en/scores/2010/468/MS023/match-stats",114,5,2,69,47,33,11,13,4,9,1,6,85,55,29,12,12,9,15
"<span class=""tourney-title"">",2010-05-03,281,"MS018","http://www.atpworldtour.com/en/scores/2010/468/MS018/match-stats",173,2,3,106,59,38,23,16,9,14,5,2,98,56,35,19,16,8,14
"<span class=""tourney-title"">",2010-05-03,280,"MS021","http://www.atpworldtour.com/en/scores/2010/468/MS021/match-stats",66,3,1,48,25,17,11,7,6,8,0,3,42,21,10,9,6,3,7
