"circuit","tournament","country","year","date","gender","match_num","w_player1","w_p1_birthdate","w_p1_age","w_p1_hgt","w_p1_country","w_player2","w_p2_birthdate","w_p2_age","w_p2_hgt","w_p2_country","w_rank","l_player1","l_p1_birthdate","l_p1_age","l_p1_hgt","l_p1_country","l_player2","l_p2_birthdate","l_p2_age","l_p2_hgt","l_p2_country","l_rank","score","duration","bracket","round","w_p1_tot_attacks","w_p1_tot_kills","w_p1_tot_errors","w_p1_tot_hitpct","w_p1_tot_aces","w_p1_tot_serve_errors","w_p1_tot_blocks","w_p1_tot_digs","w_p2_tot_attacks","w_p2_tot_kills","w_p2_tot_errors","w_p2_tot_hitpct","w_p2_tot_aces","w_p2_tot_serve_errors","w_p2_tot_blocks","w_p2_tot_digs","l_p1_tot_attacks","l_p1_tot_kills","l_p1_tot_errors","l_p1_tot_hitpct","l_p1_tot_aces","l_p1_tot_serve_errors","l_p1_tot_blocks","l_p1_tot_digs","l_p2_tot_attacks","l_p2_tot_kills","l_p2_tot_errors","l_p2_tot_hitpct","l_p2_tot_aces","l_p2_tot_serve_errors","l_p2_tot_blocks","l_p2_tot_digs"
"AVP","Long Beach","United States",2020,2020-07-17,"M",1,"Ed Ratledge",1976-12-16,43.5838467,80,"United States","Skylar del Sol",1990-10-10,29.7686516,,"United States","8, Q8","Piotr Marciniak",1986-10-01,33.7932923,78,"Poland","Roberto Rodriguez",1986-08-08,33.9411362,75,"Puerto Rico","Q9","21-13, 21-19","0:49","Qualifier Bracket","Round 1",,,,,,,,,,,,,,,,,,,,,,,,,,,,,,,,
"AVP","Long Beach","United States",2020,2020-07-17,"M",2,"Andy Benesh",1995-03-14,25.3442847,81,"United States","Eric Beranek",1996-07-21,23.9890486,,"United States","Q12","Avery Drost",1986-09-07,33.8590007,77,"United States","Ryan Doherty",1984-02-02,36.4544832,85,"United States","Q5","19-21, 21-16, 15-12","1:09","Qualifier Bracket","Round 1",,,,,,,,,,,,,,,,,,,,,,,,,,,,,,,,
"AVP","Long Beach","United States",2020,2020-07-17,"M",3,"Miles Partain",2001-12-18,18.5790554,,"United States","Ty Loomis",1979-05-01,41.2128679,75,"United States","Q11","Maddison McKibbin",1990-11-16,29.6673511,76,"United States","Riley McKibbin",1988-09-09,31.8521561,74,"United States","Q6","21-18, 21-13","0:55","Qualifier Bracket","Round 1",,,,,,,,,,,,,,,,,,,,,,,,,,,,,,,,
"AVP","Long Beach","United States",2020,2020-07-17,"M",4,"Billy Kolinske",1986-08-06,33.9466119,78,"United States","Sean Rosenthal",1980-06-19,40.0766598,76,"United States","Q7","Chase Frishman",1991-05-29,29.1362081,72,"United States","Michael Brunsting",1992-06-11,28.0985626,,"United States","Q10","21-15, 21-16","0:48","Qualifier Bracket","Round 1",,,,,,,,,,,,,,,,,,,,,,,,,,,,,,,,
"AVP","Long Beach","United States",2020,2020-07-17,"M",5,"Ed Ratledge",1976-12-16,43.5838467,80,"United States","Skylar del Sol",1990-10-10,29.7686516,,"United States","8, Q8","Miles Evans",1989-11-12,30.6776181,76,"United States","Ricardo Santos",1975-01-06,45.5277207,79,"Brazil","Q1","13-21, 25-23, 15-6","1:03","Qualifier Bracket","Round 2",,,,,,,,,,,,,,,,,,,,,,,,,,,,,,,,
"AVP","Long Beach","United States",2020,2020-07-17,"M",6,"Andy Benesh",1995-03-14,25.3442847,81,"United States","Eric Beranek",1996-07-21,23.9890486,,"United States","Q12","Tim Bomgren",1987-06-01,33.1279945,76,"United States","Troy Field",1993-12-21,26.5708419,,"United States","Q4","15-21, 21-16, 18-16","1:10","Qualifier Bracket","Round 2",,,,,,,,,,,,,,,,,,,,,,,,,,,,,,,,
"AVP","Long Beach","United States",2020,2020-07-17,"M",7,"Billy Allen",1981-10-15,38.7542779,74,"United States","Stafford Slick",1985-01-04,35.5318275,80,"United States","7, Q3","Miles Partain",2001-12-18,18.5790554,,"United States","Ty Loomis",1979-05-01,41.2128679,75,"United States","Q11","21-18, 21-17","0:57","Qualifier Bracket","Round 2",,,,,,,,,,,,,,,,,,,,,,,,,,,,,,,,
"AVP","Long Beach","United States",2020,2020-07-17,"M",8,"David Lee",1982-03-08,38.3600274,80,"United States","Reid Priddy",1977-10-01,42.7926078,76,"United States","Q2","Billy Kolinske",1986-08-06,33.9466119,78,"United States","Sean Rosenthal",1980-06-19,40.0766598,76,"United States","Q7","16-21, 27-25, 15-10","1:24","Qualifier Bracket","Round 2",,,,,,,,,,,,,,,,,,,,,,,,,,,,,,,,
"AVP","Long Beach","United States",2020,2020-07-17,"M",9,"Ed Ratledge",1976-12-16,43.5838467,80,"United States","Skylar del Sol",1990-10-10,29.7686516,,"United States","8, Q8","Andy Benesh",1995-03-14,25.3442847,81,"United States","Eric Beranek",1996-07-21,23.9890486,,"United States","Q12","21-18, 21-19","0:53","Qualifier Bracket","Round 3",,,,,,,,,,,,,,,,,,,,,,,,,,,,,,,,
"AVP","Long Beach","United States",2020,2020-07-17,"M",10,"Billy Allen",1981-10-15,38.7542779,74,"United States","Stafford Slick",1985-01-04,35.5318275,80,"United States","7, Q3","David Lee",1982-03-08,38.3600274,80,"United States","Reid Priddy",1977-10-01,42.7926078,76,"United States","Q2","21-14, 21-18","0:44","Qualifier Bracket","Round 3",,,,,,,,,,,,,,,,,,,,,,,,,,,,,,,,
"AVP","Long Beach","United States",2020,2020-07-17,"M",1,"Nick Lucena",1979-09-22,40.8186174,73,"United States","Phil Dalhausser",1980-01-26,40.4736482,81,"United States","1","Ed Ratledge",1976-12-16,43.5838467,80,"United States","Skylar del Sol",1990-10-10,29.7686516,,"United States","8, Q8","21-9, 21-12","0:40","Winner's Bracket","Round 1",21,9,4,0.238,3,1,0,12,19,13,1,0.632,3,2,4,6,17,6,4,0.118,0,2,3,4,20,7,4,0.15,0,2,0,7
"AVP","Long Beach","United States",2020,2020-07-17,"M",2,"Casey Patterson",1980-04-20,40.2409309,78,"United States","Theo Brunner",1985-03-17,35.3347023,79,"United States","4","Jeremy Casebeer",1989-01-03,31.5345654,77,"United States","John Hyden",1972-10-07,47.7754962,77,"United States","5","21-13, 21-18","0:45","Winner's Bracket","Round 1",30,18,3,0.5,0,2,0,11,11,10,0,0.909,0,0,4,2,36,19,6,0.361,0,3,0,3,17,7,3,0.235,0,2,0,10
"AVP","Long Beach","United States",2020,2020-07-17,"M",3,"Trevor Crabb",1989-09-15,30.8364134,76,"United States","Tri Bourne",1989-06-20,31.0746064,77,"United States","6","Chaim Schalk",1986-04-23,34.2340862,77,"Canada","Chase Budinger",1988-05-22,32.1533196,79,"United States","3","21-15, 21-14","0:50","Winner's Bracket","Round 1",11,7,1,0.545,1,0,3,4,21,17,2,0.714,2,4,4,4,29,14,7,0.241,0,0,0,4,12,6,3,0.25,1,4,2,0
"AVP","Long Beach","United States",2020,2020-07-17,"M",4,"Jake Gibb",1976-02-06,44.4435318,79,"United States","Taylor Crabb",1992-01-26,28.4736482,72,"United States","2","Billy Allen",1981-10-15,38.7542779,74,"United States","Stafford Slick",1985-01-04,35.5318275,80,"United States","7, Q3","21-14, 21-16","0:45","Winner's Bracket","Round 1",24,12,1,0.458,1,3,6,0,22,18,1,0.773,2,4,1,12,24,8,5,0.125,0,0,0,9,25,15,4,0.44,0,2,0,6
"AVP","Long Beach","United States",2020,2020-07-17,"M",5,"Nick Lucena",1979-09-22,40.8186174,73,"United States","Phil Dalhausser",1980-01-26,40.4736482,81,"United States","1","Casey Patterson",1980-04-20,40.2409309,78,"United States","Theo Brunner",1985-03-17,35.3347023,79,"United States","4","21-12, 21-14","0:38","Winner's Bracket","Round 2",24,8,4,0.167,1,0,0,9,13,11,2,0.692,3,3,3,2,26,7,9,-0.077,0,1,0,7,18,10,3,0.389,0,3,3,2
"AVP","Long Beach","United States",2020,2020-07-17,"M",6,"Jake Gibb",1976-02-06,44.4435318,79,"United States","Taylor Crabb",1992-01-26,28.4736482,72,"United States","2","Trevor Crabb",1989-09-15,30.8364134,76,"United States","Tri Bourne",1989-06-20,31.0746064,77,"United States","6","21-19, 21-18","0:59","Winner's Bracket","Round 2",26,10,5,0.192,1,3,3,5,29,15,0,0.517,1,2,0,17,39,13,7,0.154,0,0,0,10,27,15,3,0.444,1,8,2,10
"AVP","Long Beach","United States",2020,2020-07-17,"M",7,"Jeremy Casebeer",1989-01-03,31.5345654,77,"United States","John Hyden",1972-10-07,47.7754962,77,"United States","5","Ed Ratledge",1976-12-16,43.5838467,80,"United States","Skylar del Sol",1990-10-10,29.7686516,,"United States","8, Q8","17-21, 21-12, 15-12","1:03","Contender's Bracket","Round 1",31,17,4,0.419,2,2,3,1,29,17,2,0.517,1,3,1,16,31,13,3,0.323,2,3,1,2,31,15,7,0.258,2,2,0,10
"AVP","Long Beach","United States",2020,2020-07-17,"M",8,"Chaim Schalk",1986-04-23,34.2340862,77,"Canada","Chase Budinger",1988-05-22,32.1533196,79,"United States","3","Billy Allen",1981-10-15,38.7542779,74,"United States","Stafford Slick",1985-01-04,35.5318275,80,"United States","7, Q3","25-23, 21-10","0:42","Contender's Bracket","Round 1",28,14,3,0.393,3,1,0,11,17,11,2,0.529,2,2,4,2,30,14,5,0.3,0,1,0,12,20,12,5,0.35,1,4,3,0
"AVP","Long Beach","United States",2020,2020-07-17,"M",9,"Trevor Crabb",1989-09-15,30.8364134,76,"United States","Tri Bourne",1989-06-20,31.0746064,77,"United States","6","Jeremy Casebeer",1989-01-03,31.5345654,77,"United States","John Hyden",1972-10-07,47.7754962,77,"United States","5","21-15, 22-20","0:44","Contender's Bracket","Round 2",18,10,1,0.5,0,1,5,4,25,17,5,0.48,1,1,0,7,32,19,5,0.438,0,6,5,0,15,8,2,0.4,0,1,0,10
"AVP","Long Beach","United States",2020,2020-07-17,"M",10,"Chaim Schalk",1986-04-23,34.2340862,77,"Canada","Chase Budinger",1988-05-22,32.1533196,79,"United States","3","Casey Patterson",1980-04-20,40.2409309,78,"United States","Theo Brunner",1985-03-17,35.3347023,79,"United States","4","21-19, 22-20","0:45","Contender's Bracket","Round 2",31,18,5,0.419,0,2,0,10,24,13,4,0.375,0,1,3,2,33,15,9,0.182,1,0,0,11,17,11,1,0.588,0,1,3,0
"AVP","Long Beach","United States",2020,2020-07-17,"M",11,"Nick Lucena",1979-09-22,40.8186174,73,"United States","Phil Dalhausser",1980-01-26,40.4736482,81,"United States","1","Trevor Crabb",1989-09-15,30.8364134,76,"United States","Tri Bourne",1989-06-20,31.0746064,77,"United States","6","21-13, 21-16","0:50","Semifinals",,27,14,4,0.37,0,0,0,8,15,8,1,0.467,3,3,7,5,29,11,8,0.103,0,1,2,6,21,11,6,0.238,0,3,1,4
"AVP","Long Beach","United States",2020,2020-07-17,"M",12,"Jake Gibb",1976-02-06,44.4435318,79,"United States","Taylor Crabb",1992-01-26,28.4736482,72,"United States","2","Chaim Schalk",1986-04-23,34.2340862,77,"Canada","Chase Budinger",1988-05-22,32.1533196,79,"United States","3","19-21, 21-15, 15-13","1:02","Semifinals",,43,18,2,0.372,2,4,7,3,33,17,6,0.333,1,0,0,25,46,19,5,0.304,0,3,0,18,38,15,5,0.263,4,4,3,6
"AVP","Long Beach","United States",2020,2020-07-17,"M",13,"Nick Lucena",1979-09-22,40.8186174,73,"United States","Phil Dalhausser",1980-01-26,40.4736482,81,"United States","1","Jake Gibb",1976-02-06,44.4435318,79,"United States","Taylor Crabb",1992-01-26,28.4736482,72,"United States","2","21-19, 13-21, 15-13","1:03","Finals",,38,16,9,0.184,0,2,1,9,18,10,3,0.389,3,3,4,3,26,16,4,0.462,3,6,4,5,33,17,6,0.333,0,4,0,10
"AVP","Long Beach","United States",2020,2020-07-17,"W",1,"Delaney Knudsen",1995-08-16,24.9199179,70,"United States","Katie Spieler",1994-10-27,25.7221081,65,"United States","Q9","Kathryn Hogan",1994-03-19,26.329911,,"United States","Molly Turner",1996-06-23,24.0657084,,"United States","Q8","21-13, 21-15","0:43","Qualifier Bracket","Round 1",,,,,,,,,,,,,,,,,,,,,,,,,,,,,,,,
"AVP","Long Beach","United States",2020,2020-07-17,"W",2,"Mackenzie Ponnet",1993-05-16,27.1704312,,"United States","Sheila Shaw",1983-12-21,36.5722108,73,"United States","Q5","Brittany Tiegs",1991-09-30,28.7967146,69,"United States","Carly Wopat",1992-10-13,27.7590691,,"United States","Q12","21-18, 21-18","0:49","Qualifier Bracket","Round 1",,,,,,,,,,,,,,,,,,,,,,,,,,,,,,,,
"AVP","Long Beach","United States",2020,2020-07-17,"W",3,"Allie Wheeler",1995-09-09,24.8542094,71,"United States","Corinne Quiggle",1997-05-11,23.1841205,70,"United States","Q6","Karolina Marciniak",1988-03-18,32.3312799,71,"Poland","Lane Carico",1990-04-25,30.2286105,70,"United States","Q11","21-18, 21-14","0:40","Qualifier Bracket","Round 1",,,,,,,,,,,,,,,,,,,,,,,,,,,,,,,,
"AVP","Long Beach","United States",2020,2020-07-17,"W",4,"Crissy Jones",1996-10-30,23.7125257,74,"United States","Traci Callahan",1987-02-20,33.4045175,72,"United States","8, Q7","Kendra VanZwieten",1985-02-08,35.4360027,66,"United States","Kim DiCello",1984-09-30,35.7946612,72,"United States","Q10","21-16, 21-11","0:41","Qualifier Bracket","Round 1",,,,,,,,,,,,,,,,,,,,,,,,,,,,,,,,
"AVP","Long Beach","United States",2020,2020-07-17,"W",5,"Jace Pardon",1993-06-09,27.1047228,70,"United States","Karissa Cook",1991-04-08,29.2758385,71,"United States","7, Q1","Delaney Knudsen",1995-08-16,24.9199179,70,"United States","Katie Spieler",1994-10-27,25.7221081,65,"United States","Q9","21-14, 21-13","0:38","Qualifier Bracket","Round 2",,,,,,,,,,,,,,,,,,,,,,,,,,,,,,,,
"AVP","Long Beach","United States",2020,2020-07-17,"W",6,"Mackenzie Ponnet",1993-05-16,27.1704312,,"United States","Sheila Shaw",1983-12-21,36.5722108,73,"United States","Q5","Kimberly Hildreth",1991-01-21,29.486653,,"United States","Sarah Schermerhorn",1988-11-23,31.6468172,,"United States","Q4","21-17, 10-21, 15-11","0:55","Qualifier Bracket","Round 2",,,,,,,,,,,,,,,,,,,,,,,,,,,,,,,,
"AVP","Long Beach","United States",2020,2020-07-17,"W",7,"Kelly Reeves",1992-04-08,28.2737851,72,"United States","Terese Cannon",1995-10-01,24.7939767,75,"United States","Q3","Allie Wheeler",1995-09-09,24.8542094,71,"United States","Corinne Quiggle",1997-05-11,23.1841205,70,"United States","Q6","21-15, 21-18","0:41","Qualifier Bracket","Round 2",,,,,,,,,,,,,,,,,,,,,,,,,,,,,,,,
"AVP","Long Beach","United States",2020,2020-07-17,"W",8,"Crissy Jones",1996-10-30,23.7125257,74,"United States","Traci Callahan",1987-02-20,33.4045175,72,"United States","8, Q7","Amanda Dowdy",1990-05-05,30.201232,74,"United States","Susannah Muno",1996-05-13,24.1779603,70,"United States","Q2","19-21, 21-15, 15-8","1:00","Qualifier Bracket","Round 2",,,,,,,,,,,,,,,,,,,,,,,,,,,,,,,,
"AVP","Long Beach","United States",2020,2020-07-17,"W",9,"Jace Pardon",1993-06-09,27.1047228,70,"United States","Karissa Cook",1991-04-08,29.2758385,71,"United States","7, Q1","Mackenzie Ponnet",1993-05-16,27.1704312,,"United States","Sheila Shaw",1983-12-21,36.5722108,73,"United States","Q5","21-15, 16-21, 17-15","0:56","Qualifier Bracket","Round 3",,,,,,,,,,,,,,,,,,,,,,,,,,,,,,,,
"AVP","Long Beach","United States",2020,2020-07-17,"W",10,"Crissy Jones",1996-10-30,23.7125257,74,"United States","Traci Callahan",1987-02-20,33.4045175,72,"United States","8, Q7","Kelly Reeves",1992-04-08,28.2737851,72,"United States","Terese Cannon",1995-10-01,24.7939767,75,"United States","Q3","18-21, 22-20, 15-9","1:02","Qualifier Bracket","Round 3",,,,,,,,,,,,,,,,,,,,,,,,,,,,,,,,
"AVP","Long Beach","United States",2020,2020-07-17,"W",1,"Alix Klineman",1989-12-30,30.5462012,77,"United States","April Ross",1982-06-20,38.0752909,73,"United States","1","Crissy Jones",1996-10-30,23.7125257,74,"United States","Traci Callahan",1987-02-20,33.4045175,72,"United States","8, Q7","21-18, 21-13","0:41","Winner's Bracket","Round 1",17,12,3,0.529,0,0,7,4,28,16,4,0.429,2,3,0,18,12,5,2,0.25,0,1,2,2,43,16,8,0.186,1,2,0,7
"AVP","Long Beach","United States",2020,2020-07-17,"W",2,"Brandie Wilkerson",1992-07-01,28.0438056,70,"Canada","Sara Hughes",1995-02-14,25.4209446,70,"United States","4","Emily Day",1987-08-09,32.9390828,73,"United States","Lauren Fendrick",1982-03-20,38.3271732,75,"United States","5","21-16, 21-12","0:42","Winner's Bracket","Round 1",24,13,8,0.208,3,5,2,7,20,15,0,0.75,1,1,0,12,17,8,1,0.412,1,2,0,4,21,6,5,0.048,0,3,1,1
"AVP","Long Beach","United States",2020,2020-07-17,"W",3,"Kelly Claes",1995-09-18,24.8295688,74,"United States","Sarah Sponcil",1996-08-16,23.9178645,70,"United States","3","Emily Stockman",1988-06-06,32.1122519,72,"United States","Kelley Kolinske",1992-05-03,28.2053388,74,"United States","6","17-21, 21-15, 15-9","1:04","Winner's Bracket","Round 1",41,18,4,0.341,2,4,1,4,41,18,6,0.293,3,1,1,33,45,17,5,0.267,2,3,0,17,38,14,6,0.211,0,0,1,10
"AVP","Long Beach","United States",2020,2020-07-17,"W",4,"Melissa Humana-Paredes",1992-10-10,27.7672827,69,"Canada","Sarah Pavan",1986-08-16,33.9192334,77,"Canada","2","Jace Pardon",1993-06-09,27.1047228,70,"United States","Karissa Cook",1991-04-08,29.2758385,71,"United States","7, Q1","21-19, 14-21, 15-12","0:55","Winner's Bracket","Round 1",47,18,6,0.255,1,2,0,23,27,15,1,0.519,3,1,2,7,46,25,2,0.5,0,2,0,19,32,15,5,0.313,1,4,1,14
"AVP","Long Beach","United States",2020,2020-07-17,"W",5,"Alix Klineman",1989-12-30,30.5462012,77,"United States","April Ross",1982-06-20,38.0752909,73,"United States","1","Brandie Wilkerson",1992-07-01,28.0438056,70,"Canada","Sara Hughes",1995-02-14,25.4209446,70,"United States","4","21-19, 21-17","0:44","Winner's Bracket","Round 2",21,17,4,0.619,0,4,2,3,27,11,5,0.222,0,4,0,8,22,11,6,0.227,1,4,4,2,18,7,3,0.222,0,1,0,6
"AVP","Long Beach","United States",2020,2020-07-17,"W",6,"Kelly Claes",1995-09-18,24.8295688,74,"United States","Sarah Sponcil",1996-08-16,23.9178645,70,"United States","3","Melissa Humana-Paredes",1992-10-10,27.7672827,69,"Canada","Sarah Pavan",1986-08-16,33.9192334,77,"Canada","2","21-18, 21-17","0:44","Winner's Bracket","Round 2",28,22,4,0.643,1,2,2,5,18,8,1,0.389,0,2,0,11,27,16,3,0.481,1,2,0,12,22,9,1,0.364,0,5,3,0
"AVP","Long Beach","United States",2020,2020-07-17,"W",7,"Crissy Jones",1996-10-30,23.7125257,74,"United States","Traci Callahan",1987-02-20,33.4045175,72,"United States","8, Q7","Emily Day",1987-08-09,32.9390828,73,"United States","Lauren Fendrick",1982-03-20,38.3271732,75,"United States","5","21-18, 21-16","0:46","Contender's Bracket","Round 1",26,16,2,0.538,1,0,3,6,25,11,2,0.36,2,2,0,15,35,18,2,0.457,2,3,0,14,22,7,6,0.045,1,1,2,5
"AVP","Long Beach","United States",2020,2020-07-17,"W",8,"Emily Stockman",1988-06-06,32.1122519,72,"United States","Kelley Kolinske",1992-05-03,28.2053388,74,"United States","6","Jace Pardon",1993-06-09,27.1047228,70,"United States","Karissa Cook",1991-04-08,29.2758385,71,"United States","7, Q1","21-11, 21-19","0:40","Contender's Bracket","Round 1",41,22,3,0.463,2,2,0,19,16,8,1,0.438,1,2,2,6,36,15,3,0.333,0,1,0,8,21,5,5,0,3,1,0,12
"AVP","Long Beach","United States",2020,2020-07-17,"W",9,"Melissa Humana-Paredes",1992-10-10,27.7672827,69,"Canada","Sarah Pavan",1986-08-16,33.9192334,77,"Canada","2","Crissy Jones",1996-10-30,23.7125257,74,"United States","Traci Callahan",1987-02-20,33.4045175,72,"United States","8, Q7","21-19, 21-12","0:41","Contender's Bracket","Round 2",28,16,1,0.536,2,1,0,17,18,10,3,0.389,4,0,2,2,17,5,4,0.059,0,1,1,5,31,18,4,0.452,3,1,0,9
"AVP","Long Beach","United States",2020,2020-07-17,"W",10,"Brandie Wilkerson",1992-07-01,28.0438056,70,"Canada","Sara Hughes",1995-02-14,25.4209446,70,"United States","4","Emily Stockman",1988-06-06,32.1122519,72,"United States","Kelley Kolinske",1992-05-03,28.2053388,74,"United States","6","21-15, 21-13","0:43","Contender's Bracket","Round 2",19,9,3,0.316,4,1,6,2,22,12,1,0.5,1,1,0,13,32,11,9,0.063,1,2,0,10,16,8,3,0.313,1,2,4,5
"AVP","Long Beach","United States",2020,2020-07-17,"W",11,"Alix Klineman",1989-12-30,30.5462012,77,"United States","April Ross",1982-06-20,38.0752909,73,"United States","1","Melissa Humana-Paredes",1992-10-10,27.7672827,69,"Canada","Sarah Pavan",1986-08-16,33.9192334,77,"Canada","2","14-21, 21-15, 15-12","1:12","Semifinals",,31,16,6,0.323,0,7,3,5,33,22,4,0.545,3,2,0,14,28,16,5,0.393,1,5,1,15,36,20,2,0.5,1,5,5,0
"AVP","Long Beach","United States",2020,2020-07-17,"W",12,"Brandie Wilkerson",1992-07-01,28.0438056,70,"Canada","Sara Hughes",1995-02-14,25.4209446,70,"United States","4","Kelly Claes",1995-09-18,24.8295688,74,"United States","Sarah Sponcil",1996-08-16,23.9178645,70,"United States","3","21-18, 21-15","0:39","Semifinals",,31,17,2,0.484,4,4,2,6,18,6,3,0.167,0,1,0,15,38,17,8,0.237,0,4,2,5,12,4,0,0.333,0,3,0,11
"AVP","Long Beach","United States",2020,2020-07-17,"W",13,"Alix Klineman",1989-12-30,30.5462012,77,"United States","April Ross",1982-06-20,38.0752909,73,"United States","1","Brandie Wilkerson",1992-07-01,28.0438056,70,"Canada","Sara Hughes",1995-02-14,25.4209446,70,"United States","4","24-22, 21-19","1:03","Finals",,25,15,5,0.4,1,3,1,2,19,13,2,0.579,5,3,0,10,24,14,3,0.458,5,4,0,1,18,8,3,0.278,1,0,0,7
"AVP","Long Beach","United States",2020,2020-07-24,"M",1,"Maddison McKibbin",1990-11-16,29.6865161,76,"United States","Riley McKibbin",1988-09-09,31.871321,74,"United States","Q9","Avery Drost",1986-09-07,33.8781656,77,"United States","Ryan Doherty",1984-02-02,36.4736482,85,"United States","Q8","21-13, 21-16","0:42","Qualifier Bracket","Round 1",,,,,,,,,,,,,,,,,,,,,,,,,,,,,,,,
"AVP","Long Beach","United States",2020,2020-07-24,"M",2,"Miles Evans",1989-11-12,30.696783,76,"United States","Ricardo Santos",1975-01-06,45.5468857,79,"Brazil","7, Q5","Billy Kolinske",1986-08-06,33.9657769,78,"United States","Mark Burik",1985-08-12,34.9486653,75,"United States","Q12","21-18, 16-21, 15-12","1:09","Qualifier Bracket","Round 1",,,,,,,,,,,,,,,,,,,,,,,,,,,,,,,,
"AVP","Long Beach","United States",2020,2020-07-24,"M",3,"Tim Bomgren",1987-06-01,33.1471595,76,"United States","Troy Field",1993-12-21,26.5900068,,"United States","Q6","Chase Frishman",1991-05-29,29.155373,72,"United States","Michael Brunsting",1992-06-11,28.1177276,,"United States","Q11","21-17, 22-20","0:41","Qualifier Bracket","Round 1",,,,,,,,,,,,,,,,,,,,,,,,,,,,,,,,
"AVP","Long Beach","United States",2020,2020-07-24,"M",4,"Miles Partain",2001-12-18,18.5982204,,"United States","Ty Loomis",1979-05-01,41.2320329,75,"United States","8, Q7","Piotr Marciniak",1986-10-01,33.8124572,78,"Poland","Roberto Rodriguez",1986-08-08,33.9603012,75,"Puerto Rico","Q10","1-2 retired","0:08","Qualifier Bracket","Round 1",,,,,,,,,,,,,,,,,,,,,,,,,,,,,,,,
"AVP","Long Beach","United States",2020,2020-07-24,"M",5,"Billy Allen",1981-10-15,38.7734428,74,"United States","Stafford Slick",1985-01-04,35.5509925,80,"United States","Q1","Maddison McKibbin",1990-11-16,29.6865161,76,"United States","Riley McKibbin",1988-09-09,31.871321,74,"United States","Q9","21-13, 25-23","0:44","Qualifier Bracket","Round 2",,,,,,,,,,,,,,,,,,,,,,,,,,,,,,,,
"AVP","Long Beach","United States",2020,2020-07-24,"M",6,"Miles Evans",1989-11-12,30.696783,76,"United States","Ricardo Santos",1975-01-06,45.5468857,79,"Brazil","7, Q5","Andy Benesh",1995-03-14,25.3634497,81,"United States","Eric Beranek",1996-07-21,24.0082136,,"United States","Q4","17-21, 21-17, 18-16","1:12","Qualifier Bracket","Round 2",,,,,,,,,,,,,,,,,,,,,,,,,,,,,,,,
"AVP","Long Beach","United States",2020,2020-07-24,"M",7,"Tim Bomgren",1987-06-01,33.1471595,76,"United States","Troy Field",1993-12-21,26.5900068,,"United States","Q6","David Lee",1982-03-08,38.3791923,80,"United States","Reid Priddy",1977-10-01,42.8117728,76,"United States","Q3","21-17, 21-14","0:39","Qualifier Bracket","Round 2",,,,,,,,,,,,,,,,,,,,,,,,,,,,,,,,
"AVP","Long Beach","United States",2020,2020-07-24,"M",8,"Miles Partain",2001-12-18,18.5982204,,"United States","Ty Loomis",1979-05-01,41.2320329,75,"United States","8, Q7","Ed Ratledge",1976-12-16,43.6030116,80,"United States","Skylar del Sol",1990-10-10,29.7878166,,"United States","Q2","21-23, 21-17, 16-14","1:19","Qualifier Bracket","Round 2",,,,,,,,,,,,,,,,,,,,,,,,,,,,,,,,
"AVP","Long Beach","United States",2020,2020-07-24,"M",9,"Miles Evans",1989-11-12,30.696783,76,"United States","Ricardo Santos",1975-01-06,45.5468857,79,"Brazil","7, Q5","Billy Allen",1981-10-15,38.7734428,74,"United States","Stafford Slick",1985-01-04,35.5509925,80,"United States","Q1","19-21, 21-16, 17-15","1:08","Qualifier Bracket","Round 3",,,,,,,,,,,,,,,,,,,,,,,,,,,,,,,,
"AVP","Long Beach","United States",2020,2020-07-24,"M",10,"Miles Partain",2001-12-18,18.5982204,,"United States","Ty Loomis",1979-05-01,41.2320329,75,"United States","8, Q7","Tim Bomgren",1987-06-01,33.1471595,76,"United States","Troy Field",1993-12-21,26.5900068,,"United States","Q6","21-19, 21-19","0:49","Qualifier Bracket","Round 3",,,,,,,,,,,,,,,,,,,,,,,,,,,,,,,,
"AVP","Long Beach","United States",2020,2020-07-24,"M",1,"Nick Lucena",1979-09-22,40.8377823,73,"United States","Phil Dalhausser",1980-01-26,40.4928131,81,"United States","1","Miles Partain",2001-12-18,18.5982204,,"United States","Ty Loomis",1979-05-01,41.2320329,75,"United States","8, Q7","21-14, 21-12","0:43","Winner's Bracket","Round 1",21,14,2,0.571,1,2,0,9,19,12,0,0.632,1,3,7,4,26,8,8,0,1,0,0,9,23,9,5,0.174,1,1,0,4
"AVP","Long Beach","United States",2020,2020-07-24,"M",2,"Trevor Crabb",1989-09-15,30.8555784,76,"United States","Tri Bourne",1989-06-20,31.0937714,77,"United States","4","Casey Patterson",1980-04-20,40.2600958,78,"United States","Theo Brunner",1985-03-17,35.3538672,79,"United States","5","21-18, 21-15","0:43","Winner's Bracket","Round 1",22,14,2,0.545,0,0,1,6,23,17,1,0.696,0,2,4,5,29,19,3,0.552,0,3,1,6,19,9,5,0.211,1,1,1,3
"AVP","Long Beach","United States",2020,2020-07-24,"M",3,"Chaim Schalk",1986-04-23,34.2532512,77,"Canada","Chase Budinger",1988-05-22,32.1724846,79,"United States","3","Jeremy Casebeer",1989-01-03,31.5537303,77,"United States","John Hyden",1972-10-07,47.7946612,77,"United States","6","23-21, 21-16","1:00","Winner's Bracket","Round 1",32,19,3,0.5,1,2,0,14,27,13,0,0.481,1,1,4,9,32,20,4,0.5,0,5,2,2,39,16,6,0.256,1,2,0,20
"AVP","Long Beach","United States",2020,2020-07-24,"M",4,"Jake Gibb",1976-02-06,44.4626968,79,"United States","Taylor Crabb",1992-01-26,28.4928131,72,"United States","2","Miles Evans",1989-11-12,30.696783,76,"United States","Ricardo Santos",1975-01-06,45.5468857,79,"Brazil","7, Q5","21-11, 21-16","0:40","Winner's Bracket","Round 1",19,12,0,0.632,5,6,2,5,23,14,6,0.348,0,4,0,8,24,7,7,0,0,1,0,5,15,6,3,0.2,0,3,2,5
"AVP","Long Beach","United States",2020,2020-07-24,"M",5,"Nick Lucena",1979-09-22,40.8377823,73,"United States","Phil Dalhausser",1980-01-26,40.4928131,81,"United States","1","Trevor Crabb",1989-09-15,30.8555784,76,"United States","Tri Bourne",1989-06-20,31.0937714,77,"United States","4","21-14, 21-18","0:53","Winner's Bracket","Round 2",31,18,5,0.419,0,2,0,12,18,9,1,0.444,1,0,5,2,23,12,1,0.478,1,3,1,8,39,15,10,0.128,0,4,0,9
"AVP","Long Beach","United States",2020,2020-07-24,"M",6,"Jake Gibb",1976-02-06,44.4626968,79,"United States","Taylor Crabb",1992-01-26,28.4928131,72,"United States","2","Chaim Schalk",1986-04-23,34.2532512,77,"Canada","Chase Budinger",1988-05-22,32.1724846,79,"United States","3","21-19, 21-13","0:46","Winner's Bracket","Round 2",24,15,3,0.5,1,3,5,5,26,14,2,0.462,0,0,0,10,24,13,4,0.375,0,0,0,3,31,14,8,0.194,0,4,3,6
"AVP","Long Beach","United States",2020,2020-07-24,"M",7,"Casey Patterson",1980-04-20,40.2600958,78,"United States","Theo Brunner",1985-03-17,35.3538672,79,"United States","5","Miles Partain",2001-12-18,18.5982204,,"United States","Ty Loomis",1979-05-01,41.2320329,75,"United States","8, Q7","21-15, 21-19","0:49","Contender's Bracket","Round 1",30,15,3,0.4,1,2,0,10,13,9,0,0.692,1,0,6,2,26,9,7,0.077,0,0,1,6,30,19,5,0.467,1,5,0,10
"AVP","Long Beach","United States",2020,2020-07-24,"M",8,"Jeremy Casebeer",1989-01-03,31.5537303,77,"United States","John Hyden",1972-10-07,47.7946612,77,"United States","6","Miles Evans",1989-11-12,30.696783,76,"United States","Ricardo Santos",1975-01-06,45.5468857,79,"Brazil","7, Q5","21-19, 21-19","1:06","Contender's Bracket","Round 1",42,25,12,0.31,0,7,5,4,19,8,4,0.211,1,1,0,13,31,13,6,0.226,0,1,2,9,14,7,3,0.286,0,3,8,2
"AVP","Long Beach","United States",2020,2020-07-24,"M",9,"Casey Patterson",1980-04-20,40.2600958,78,"United States","Theo Brunner",1985-03-17,35.3538672,79,"United States","5","Chaim Schalk",1986-04-23,34.2532512,77,"Canada","Chase Budinger",1988-05-22,32.1724846,79,"United States","3","18-21, 21-18, 15-10","1:00","Contender's Bracket","Round 2",52,34,2,0.615,1,2,0,18,21,13,0,0.619,0,3,3,2,47,27,2,0.532,0,2,0,16,34,18,5,0.382,1,1,1,6
"AVP","Long Beach","United States",2020,2020-07-24,"M",10,"Trevor Crabb",1989-09-15,30.8555784,76,"United States","Tri Bourne",1989-06-20,31.0937714,77,"United States","4","Jeremy Casebeer",1989-01-03,31.5537303,77,"United States","John Hyden",1972-10-07,47.7946612,77,"United States","6","21-17, 21-16","0:47","Contender's Bracket","Round 2",14,8,1,0.5,2,3,1,6,24,15,2,0.542,3,1,4,6,31,15,6,0.29,0,3,1,2,20,10,3,0.35,0,2,0,8
"AVP","Long Beach","United States",2020,2020-07-24,"M",11,"Nick Lucena",1979-09-22,40.8377823,73,"United States","Phil Dalhausser",1980-01-26,40.4928131,81,"United States","1","Casey Patterson",1980-04-20,40.2600958,78,"United States","Theo Brunner",1985-03-17,35.3538672,79,"United States","5","21-23, 21-12, 15-13","1:08","Semifinals",,43,27,3,0.558,0,1,0,12,22,16,0,0.727,0,3,5,5,40,23,6,0.425,1,3,0,12,34,18,4,0.412,2,3,2,4
"AVP","Long Beach","United States",2020,2020-07-24,"M",12,"Jake Gibb",1976-02-06,44.4626968,79,"United States","Taylor Crabb",1992-01-26,28.4928131,72,"United States","2","Trevor Crabb",1989-09-15,30.8555784,76,"United States","Tri Bourne",1989-06-20,31.0937714,77,"United States","4","21-14, 21-19","0:46","Semifinals",,25,17,2,0.6,2,0,6,2,21,9,2,0.333,1,1,0,13,29,18,4,0.483,0,1,1,7,24,9,5,0.167,0,2,3,7
"AVP","Long Beach","United States",2020,2020-07-24,"M",13,"Nick Lucena",1979-09-22,40.8377823,73,"United States","Phil Dalhausser",1980-01-26,40.4928131,81,"United States","1","Jake Gibb",1976-02-06,44.4626968,79,"United States","Taylor Crabb",1992-01-26,28.4928131,72,"United States","2","21-9, 21-15","0:35","Finals",,32,17,3,0.438,0,1,0,15,13,8,3,0.385,3,3,5,5,27,6,6,0,0,4,1,3,22,9,4,0.227,0,1,1,11
"AVP","Long Beach","United States",2020,2020-07-24,"W",1,"Emily Hartong",1992-02-04,28.4681725,74,"United States","Jace Pardon",1993-06-09,27.1238877,70,"United States","Q8","Kathryn Hogan",1994-03-19,26.349076,,"United States","Molly Turner",1996-06-23,24.0848734,,"United States","Q9","21-14, 21-10","0:38","Qualifier Bracket","Round 1",,,,,,,,,,,,,,,,,,,,,,,,,,,,,,,,
"AVP","Long Beach","United States",2020,2020-07-24,"W",2,"Kimberly Hildreth",1991-01-21,29.5058179,,"United States","Sarah Schermerhorn",1988-11-23,31.6659822,,"United States","Q5","Brittany Tiegs",1991-09-30,28.8158795,69,"United States","Carly Wopat",1992-10-13,27.7782341,,"United States","Q12","21-18, 21-23, 15-6","1:04","Qualifier Bracket","Round 1",,,,,,,,,,,,,,,,,,,,,,,,,,,,,,,,
"AVP","Long Beach","United States",2020,2020-07-24,"W",3,"Allie Wheeler",1995-09-09,24.8733744,71,"United States","Corinne Quiggle",1997-05-11,23.2032854,70,"United States","8, Q6","Karolina Marciniak",1988-03-18,32.3504449,71,"Poland","Lane Carico",1990-04-25,30.2477755,70,"United States","Q11","21-18, 19-21, 16-14","1:02","Qualifier Bracket","Round 1",,,,,,,,,,,,,,,,,,,,,,,,,,,,,,,,
"AVP","Long Beach","United States",2020,2020-07-24,"W",4,"Delaney Knudsen",1995-08-16,24.9390828,70,"United States","Katie Spieler",1994-10-27,25.7412731,65,"United States","Q7","Kendra VanZwieten",1985-02-08,35.4551677,66,"United States","Kim DiCello",1984-09-30,35.8138261,72,"United States","Q10","22-20, 21-16","0:46","Qualifier Bracket","Round 1",,,,,,,,,,,,,,,,,,,,,,,,,,,,,,,,
"AVP","Long Beach","United States",2020,2020-07-24,"W",5,"Emily Day",1987-08-09,32.9582478,73,"United States","Lauren Fendrick",1982-03-20,38.3463381,75,"United States","7, Q1","Emily Hartong",1992-02-04,28.4681725,74,"United States","Jace Pardon",1993-06-09,27.1238877,70,"United States","Q8","27-25, 21-17","0:55","Qualifier Bracket","Round 2",,,,,,,,,,,,,,,,,,,,,,,,,,,,,,,,
"AVP","Long Beach","United States",2020,2020-07-24,"W",6,"Amanda Dowdy Lawson",1990-05-05,30.220397,74,"United States","Susannah Muno",1996-05-13,24.1971253,70,"United States","Q4","Kimberly Hildreth",1991-01-21,29.5058179,,"United States","Sarah Schermerhorn",1988-11-23,31.6659822,,"United States","Q5","19-21, 21-14, 17-15","1:13","Qualifier Bracket","Round 2",,,,,,,,,,,,,,,,,,,,,,,,,,,,,,,,
"AVP","Long Beach","United States",2020,2020-07-24,"W",7,"Allie Wheeler",1995-09-09,24.8733744,71,"United States","Corinne Quiggle",1997-05-11,23.2032854,70,"United States","8, Q6","Mackenzie Ponnet",1993-05-16,27.1895962,,"United States","Sheila Shaw",1983-12-21,36.5913758,73,"United States","Q3","21-16, 17-21, 15-8","0:55","Qualifier Bracket","Round 2",,,,,,,,,,,,,,,,,,,,,,,,,,,,,,,,
"AVP","Long Beach","United States",2020,2020-07-24,"W",8,"Kelly Reeves",1992-04-08,28.29295,72,"United States","Terese Cannon",1995-10-01,24.8131417,75,"United States","Q2","Delaney Knudsen",1995-08-16,24.9390828,70,"United States","Katie Spieler",1994-10-27,25.7412731,65,"United States","Q7","21-17, 21-19","0:44","Qualifier Bracket","Round 2",,,,,,,,,,,,,,,,,,,,,,,,,,,,,,,,
"AVP","Long Beach","United States",2020,2020-07-24,"W",9,"Emily Day",1987-08-09,32.9582478,73,"United States","Lauren Fendrick",1982-03-20,38.3463381,75,"United States","7, Q1","Amanda Dowdy Lawson",1990-05-05,30.220397,74,"United States","Susannah Muno",1996-05-13,24.1971253,70,"United States","Q4","21-16, 17-21, 15-11","1:03","Qualifier Bracket","Round 3",,,,,,,,,,,,,,,,,,,,,,,,,,,,,,,,
"AVP","Long Beach","United States",2020,2020-07-24,"W",10,"Allie Wheeler",1995-09-09,24.8733744,71,"United States","Corinne Quiggle",1997-05-11,23.2032854,70,"United States","8, Q6","Kelly Reeves",1992-04-08,28.29295,72,"United States","Terese Cannon",1995-10-01,24.8131417,75,"United States","Q2","21-17, 21-18","0:43","Qualifier Bracket","Round 3",,,,,,,,,,,,,,,,,,,,,,,,,,,,,,,,
"AVP","Long Beach","United States",2020,2020-07-24,"W",1,"Alix Klineman",1989-12-30,30.5653662,77,"United States","April Ross",1982-06-20,38.0944559,73,"United States","1","Allie Wheeler",1995-09-09,24.8733744,71,"United States","Corinne Quiggle",1997-05-11,23.2032854,70,"United States","8, Q6","21-11, 14-21, 15-10","0:59","Winner's Bracket","Round 1",21,14,3,0.524,0,1,2,13,47,22,3,0.404,0,2,0,17,45,18,4,0.311,1,1,1,2,28,13,4,0.321,1,3,0,19
"AVP","Long Beach","United States",2020,2020-07-24,"W",2,"Kelly Claes",1995-09-18,24.8487337,74,"United States","Sarah Sponcil",1996-08-16,23.9370294,70,"United States","4","Emily Stockman",1988-06-06,32.1314168,72,"United States","Kelley Kolinske",1992-05-03,28.2245038,74,"United States","5","21-17, 17-21, 15-11","0:59","Winner's Bracket","Round 1",45,26,3,0.511,1,2,0,6,30,15,2,0.433,3,1,0,17,42,23,4,0.452,2,0,0,21,26,17,0,0.654,0,6,1,2
"AVP","Long Beach","United States",2020,2020-07-24,"W",3,"Melissa Humana-Paredes",1992-10-10,27.7864476,69,"Canada","Sarah Pavan",1986-08-16,33.9383984,77,"Canada","3","Crissy Jones",1996-10-30,23.7316906,74,"United States","Traci Callahan",1987-02-20,33.4236824,72,"United States","6","21-17, 23-21","0:49","Winner's Bracket","Round 1",25,10,2,0.32,1,3,0,17,32,21,2,0.594,0,9,4,2,30,11,7,0.133,1,2,1,6,25,10,3,0.28,1,0,0,12
"AVP","Long Beach","United States",2020,2020-07-24,"W",4,"Emily Day",1987-08-09,32.9582478,73,"United States","Lauren Fendrick",1982-03-20,38.3463381,75,"United States","7, Q1","Brandie Wilkerson",1992-07-01,28.0629706,70,"Canada","Sara Hughes",1995-02-14,25.4401095,70,"United States","2","27-25, 21-16","0:59","Winner's Bracket","Round 1",32,20,3,0.531,2,3,0,12,26,15,3,0.462,4,4,4,7,29,18,3,0.517,1,4,2,6,28,14,4,0.357,1,2,0,11
"AVP","Long Beach","United States",2020,2020-07-24,"W",5,"Alix Klineman",1989-12-30,30.5653662,77,"United States","April Ross",1982-06-20,38.0944559,73,"United States","1","Kelly Claes",1995-09-18,24.8487337,74,"United States","Sarah Sponcil",1996-08-16,23.9370294,70,"United States","4","12-21, 21-19, 15-11","1:02","Winner's Bracket","Round 2",27,14,5,0.333,0,5,1,4,46,23,6,0.37,1,6,0,18,39,21,3,0.462,0,4,5,2,17,8,1,0.412,0,1,0,15
"AVP","Long Beach","United States",2020,2020-07-24,"W",5,"Alix Klineman",1989-12-30,30.5653662,77,"United States","April Ross",1982-06-20,38.0944559,73,"United States","1","Kelly Claes",1995-09-18,24.8487337,74,"United States","Sarah Sponcil",1996-08-16,23.9370294,70,"United States","4","12-21, 21-19, 15-11","1:02","Winner's Bracket","Round 2",23,14,2,0.522,2,1,2,6,23,14,2,0.522,0,1,0,9,36,22,8,0.389,2,2,2,4,16,4,2,0.125,0,1,0,10
"AVP","Long Beach","United States",2020,2020-07-24,"W",6,"Melissa Humana-Paredes",1992-10-10,27.7864476,69,"Canada","Sarah Pavan",1986-08-16,33.9383984,77,"Canada","3","Emily Day",1987-08-09,32.9582478,73,"United States","Lauren Fendrick",1982-03-20,38.3463381,75,"United States","7, Q1","21-17, 21-14","0:45","Winner's Bracket","Round 2",32,10,5,0.156,2,3,0,20,25,16,0,0.64,1,3,3,6,37,15,4,0.297,2,2,0,20,23,4,6,-0.087,0,3,1,6
"AVP","Long Beach","United States",2020,2020-07-24,"W",7,"Emily Stockman",1988-06-06,32.1314168,72,"United States","Kelley Kolinske",1992-05-03,28.2245038,74,"United States","5","Allie Wheeler",1995-09-09,24.8733744,71,"United States","Corinne Quiggle",1997-05-11,23.2032854,70,"United States","8, Q6","21-19, 21-17","0:50","Contender's Bracket","Round 1",31,15,5,0.323,0,1,0,21,37,18,4,0.378,1,2,0,10,42,16,6,0.238,0,3,3,7,20,5,0,0.25,3,0,0,16
"AVP","Long Beach","United States",2020,2020-07-24,"W",8,"Brandie Wilkerson",1992-07-01,28.0629706,70,"Canada","Sara Hughes",1995-02-14,25.4401095,70,"United States","2","Crissy Jones",1996-10-30,23.7316906,74,"United States","Traci Callahan",1987-02-20,33.4236824,72,"United States","6","21-17, 21-19","0:43","Contender's Bracket","Round 1",23,11,3,0.348,1,4,4,3,28,18,3,0.536,1,2,0,15,16,9,3,0.375,0,0,3,4,37,16,4,0.324,2,6,0,12
"AVP","Long Beach","United States",2020,2020-07-24,"W",8,"Brandie Wilkerson",1992-07-01,28.0629706,70,"Canada","Sara Hughes",1995-02-14,25.4401095,70,"United States","2","Crissy Jones",1996-10-30,23.7316906,74,"United States","Traci Callahan",1987-02-20,33.4236824,72,"United States","6","21-17, 21-19","0:43","Contender's Bracket","Round 1",29,16,7,0.31,1,0,7,8,42,18,9,0.214,3,0,0,20,26,11,6,0.192,1,0,6,3,46,18,9,0.196,1,1,0,15
"AVP","Long Beach","United States",2020,2020-07-24,"W",9,"Emily Day",1987-08-09,32.9582478,73,"United States","Lauren Fendrick",1982-03-20,38.3463381,75,"United States","7, Q1","Emily Stockman",1988-06-06,32.1314168,72,"United States","Kelley Kolinske",1992-05-03,28.2245038,74,"United States","5","22-20, 18-21, 16-14","1:17","Contender's Bracket","Round 2",57,36,5,0.544,2,3,0,16,21,11,3,0.381,0,4,3,9,44,25,3,0.5,2,4,0,17,34,17,4,0.382,1,1,2,5
"AVP","Long Beach","United States",2020,2020-07-24,"W",10,"Brandie Wilkerson",1992-07-01,28.0629706,70,"Canada","Sara Hughes",1995-02-14,25.4401095,70,"United States","2","Kelly Claes",1995-09-18,24.8487337,74,"United States","Sarah Sponcil",1996-08-16,23.9370294,70,"United States","4","21-12, 20-22, 15-13","1:00","Contender's Bracket","Round 2",30,15,3,0.4,2,2,8,4,43,17,3,0.326,2,1,0,19,52,24,8,0.308,1,6,3,13,32,13,7,0.188,0,1,0,18
"AVP","Long Beach","United States",2020,2020-07-24,"W",11,"Alix Klineman",1989-12-30,30.5653662,77,"United States","April Ross",1982-06-20,38.0944559,73,"United States","1","Emily Day",1987-08-09,32.9582478,73,"United States","Lauren Fendrick",1982-03-20,38.3463381,75,"United States","7, Q1","21-17, 21-14","0:48","Semifinals",,20,13,3,0.5,4,1,2,3,27,16,2,0.519,1,3,0,14,29,14,4,0.345,2,2,0,10,15,6,3,0.2,2,1,1,1
"AVP","Long Beach","United States",2020,2020-07-24,"W",12,"Melissa Humana-Paredes",1992-10-10,27.7864476,69,"Canada","Sarah Pavan",1986-08-16,33.9383984,77,"Canada","3","Brandie Wilkerson",1992-07-01,28.0629706,70,"Canada","Sara Hughes",1995-02-14,25.4401095,70,"United States","2","24-22, 21-19","0:52","Semifinals",,42,16,4,0.286,0,0,0,25,34,18,2,0.471,1,2,2,4,26,17,1,0.615,1,3,2,3,48,17,5,0.25,0,2,0,28
"AVP","Long Beach","United States",2020,2020-07-24,"W",13,"Alix Klineman",1989-12-30,30.5653662,77,"United States","April Ross",1982-06-20,38.0944559,73,"United States","1","Melissa Humana-Paredes",1992-10-10,27.7864476,69,"Canada","Sarah Pavan",1986-08-16,33.9383984,77,"Canada","3","21-15, 21-19","0:35","Finals",,22,15,4,0.5,3,4,3,10,37,15,6,0.243,1,2,0,15,33,9,6,0.091,0,1,0,15,21,9,1,0.381,0,1,4,3
"AVP","Long Beach","United States",2020,2020-07-31,"M",1,"Billy Kolinske",1986-08-06,33.9849418,78,"United States","Mark Burik",1985-08-12,34.9678303,75,"United States","Q9","Maddison McKibbin",1990-11-16,29.705681,76,"United States","Riley McKibbin",1988-09-09,31.890486,74,"United States","Q8","21-12, 16-21, 15-10","1:09","Qualifier Bracket","Round 1",,,,,,,,,,,,,,,,,,,,,,,,,,,,,,,,
"AVP","Long Beach","United States",2020,2020-07-31,"M",2,"Tim Bomgren",1987-06-01,33.1663244,76,"United States","Troy Field",1993-12-21,26.6091718,,"United States","Q5","Piotr Marciniak",1986-10-01,33.8316222,78,"Poland","Roberto Rodriguez",1986-08-08,33.9794661,75,"Puerto Rico","Q12","19-21, 29-27, 15-12","1:19","Qualifier Bracket","Round 1",,,,,,,,,,,,,,,,,,,,,,,,,,,,,,,,
"AVP","Long Beach","United States",2020,2020-07-31,"M",3,"Avery Drost",1986-09-07,33.8973306,77,"United States","Ryan Doherty",1984-02-02,36.4928131,85,"United States","Q11","Andy Benesh",1995-03-14,25.3826146,81,"United States","Eric Beranek",1996-07-21,24.0273785,,"United States","Q6","21-15, 21-18","0:49","Qualifier Bracket","Round 1",,,,,,,,,,,,,,,,,,,,,,,,,,,,,,,,
"AVP","Long Beach","United States",2020,2020-07-31,"M",4,"David Lee",1982-03-08,38.3983573,80,"United States","Reid Priddy",1977-10-01,42.8309377,76,"United States","Q7","Chase Frishman",1991-05-29,29.174538,72,"United States","Michael Brunsting",1992-06-11,28.1368925,,"United States","Q10","23-21, 21-15","0:46","Qualifier Bracket","Round 1",,,,,,,,,,,,,,,,,,,,,,,,,,,,,,,,
"AVP","Long Beach","United States",2020,2020-07-31,"M",5,"Billy Allen",1981-10-15,38.7926078,74,"United States","Stafford Slick",1985-01-04,35.5701574,80,"United States","7, Q1","Billy Kolinske",1986-08-06,33.9849418,78,"United States","Mark Burik",1985-08-12,34.9678303,75,"United States","Q9","21-18, 21-17","1:01","Qualifier Bracket","Round 2",,,,,,,,,,,,,,,,,,,,,,,,,,,,,,,,
"AVP","Long Beach","United States",2020,2020-07-31,"M",6,"Tim Bomgren",1987-06-01,33.1663244,76,"United States","Troy Field",1993-12-21,26.6091718,,"United States","Q5","Ed Ratledge",1976-12-16,43.6221766,80,"United States","Skylar del Sol",1990-10-10,29.8069815,,"United States","Q4","21-11, 23-21","0:45","Qualifier Bracket","Round 2",,,,,,,,,,,,,,,,,,,,,,,,,,,,,,,,
"AVP","Long Beach","United States",2020,2020-07-31,"M",7,"Miles Evans",1989-11-12,30.715948,76,"United States","Ricardo Santos",1975-01-06,45.5660507,79,"Brazil","8, Q3","Avery Drost",1986-09-07,33.8973306,77,"United States","Ryan Doherty",1984-02-02,36.4928131,85,"United States","Q11","21-15, 25-23","0:49","Qualifier Bracket","Round 2",,,,,,,,,,,,,,,,,,,,,,,,,,,,,,,,
"AVP","Long Beach","United States",2020,2020-07-31,"M",8,"David Lee",1982-03-08,38.3983573,80,"United States","Reid Priddy",1977-10-01,42.8309377,76,"United States","Q7","Miles Partain",2001-12-18,18.6173854,,"United States","Ty Loomis",1979-05-01,41.2511978,75,"United States","Q2","15-21, 21-18, 17-15","1:14","Qualifier Bracket","Round 2",,,,,,,,,,,,,,,,,,,,,,,,,,,,,,,,
"AVP","Long Beach","United States",2020,2020-07-31,"M",9,"Billy Allen",1981-10-15,38.7926078,74,"United States","Stafford Slick",1985-01-04,35.5701574,80,"United States","7, Q1","Tim Bomgren",1987-06-01,33.1663244,76,"United States","Troy Field",1993-12-21,26.6091718,,"United States","Q5","21-18, 21-19","0:51","Qualifier Bracket","Round 3",,,,,,,,,,,,,,,,,,,,,,,,,,,,,,,,
"AVP","Long Beach","United States",2020,2020-07-31,"M",10,"Miles Evans",1989-11-12,30.715948,76,"United States","Ricardo Santos",1975-01-06,45.5660507,79,"Brazil","8, Q3","David Lee",1982-03-08,38.3983573,80,"United States","Reid Priddy",1977-10-01,42.8309377,76,"United States","Q7","16-21, 21-11, 15-9","1:04","Qualifier Bracket","Round 3",,,,,,,,,,,,,,,,,,,,,,,,,,,,,,,,
"AVP","Long Beach","United States",2020,2020-07-31,"M",1,"Nick Lucena",1979-09-22,40.8569473,73,"United States","Phil Dalhausser",1980-01-26,40.5119781,81,"United States","1","Miles Evans",1989-11-12,30.715948,76,"United States","Ricardo Santos",1975-01-06,45.5660507,79,"Brazil","8, Q3","21-16, 21-12","0:42","Winner's Bracket","Round 1",20,7,2,0.25,1,1,1,9,21,16,1,0.714,1,2,4,3,31,12,9,0.097,0,2,0,7,19,9,5,0.211,0,2,1,6
"AVP","Long Beach","United States",2020,2020-07-31,"M",2,"Chaim Schalk",1986-04-23,34.2724162,77,"Canada","Chase Budinger",1988-05-22,32.1916496,79,"United States","5","Casey Patterson",1980-04-20,40.2792608,78,"United States","Theo Brunner",1985-03-17,35.3730322,79,"United States","4","19-21, 22-20, 15-13","1:07","Winner's Bracket","Round 1",53,28,6,0.415,1,4,0,11,29,22,3,0.655,3,6,1,6,50,28,6,0.44,0,1,0,17,22,13,1,0.545,0,2,7,2
"AVP","Long Beach","United States",2020,2020-07-31,"M",3,"Trevor Crabb",1989-09-15,30.8747433,76,"United States","Tri Bourne",1989-06-20,31.1129363,77,"United States","3","Jeremy Casebeer",1989-01-03,31.5728953,77,"United States","John Hyden",1972-10-07,47.8138261,77,"United States","6","24-22, 21-14","0:52","Winner's Bracket","Round 1",19,10,2,0.421,1,1,1,3,24,19,3,0.667,0,2,3,6,39,23,10,0.333,2,3,2,3,8,2,1,0.125,0,1,0,4
"AVP","Long Beach","United States",2020,2020-07-31,"M",4,"Jake Gibb",1976-02-06,44.4818617,79,"United States","Taylor Crabb",1992-01-26,28.5119781,72,"United States","2","Billy Allen",1981-10-15,38.7926078,74,"United States","Stafford Slick",1985-01-04,35.5701574,80,"United States","7, Q1","21-17, 21-15","0:41","Winner's Bracket","Round 1",15,11,1,0.667,2,3,4,3,22,13,2,0.5,2,1,0,8,17,7,4,0.176,0,3,0,6,27,17,4,0.481,1,3,0,2
"AVP","Long Beach","United States",2020,2020-07-31,"M",5,"Nick Lucena",1979-09-22,40.8569473,73,"United States","Phil Dalhausser",1980-01-26,40.5119781,81,"United States","1","Chaim Schalk",1986-04-23,34.2724162,77,"Canada","Chase Budinger",1988-05-22,32.1916496,79,"United States","5","21-18, 21-16","0:45","Winner's Bracket","Round 2",25,9,5,0.16,0,1,0,14,22,16,2,0.636,3,2,2,3,22,9,3,0.273,1,1,0,10,32,13,6,0.219,1,3,3,1
"AVP","Long Beach","United States",2020,2020-07-31,"M",6,"Trevor Crabb",1989-09-15,30.8747433,76,"United States","Tri Bourne",1989-06-20,31.1129363,77,"United States","3","Jake Gibb",1976-02-06,44.4818617,79,"United States","Taylor Crabb",1992-01-26,28.5119781,72,"United States","2","21-17, 21-18","0:47","Winner's Bracket","Round 2",28,15,5,0.357,0,0,3,6,19,13,3,0.526,1,2,2,6,31,13,7,0.194,2,2,4,2,13,8,2,0.462,0,2,0,8
"AVP","Long Beach","United States",2020,2020-07-31,"M",7,"Casey Patterson",1980-04-20,40.2792608,78,"United States","Theo Brunner",1985-03-17,35.3730322,79,"United States","4","Miles Evans",1989-11-12,30.715948,76,"United States","Ricardo Santos",1975-01-06,45.5660507,79,"Brazil","8, Q3","18-21, 22-20, 15-10","1:06","Contender's Bracket","Round 1",44,25,7,0.409,2,3,0,20,24,10,3,0.292,0,2,4,3,50,23,6,0.34,3,8,0,14,30,13,7,0.2,1,2,5,9
"AVP","Long Beach","United States",2020,2020-07-31,"M",8,"Billy Allen",1981-10-15,38.7926078,74,"United States","Stafford Slick",1985-01-04,35.5701574,80,"United States","7, Q1","Jeremy Casebeer",1989-01-03,31.5728953,77,"United States","John Hyden",1972-10-07,47.8138261,77,"United States","6","21-18, 22-20","0:56","Contender's Bracket","Round 1",23,10,2,0.348,0,0,0,15,35,19,7,0.343,1,1,4,3,32,12,5,0.219,2,3,4,4,29,16,5,0.379,0,1,0,12
"AVP","Long Beach","United States",2020,2020-07-31,"M",9,"Jake Gibb",1976-02-06,44.4818617,79,"United States","Taylor Crabb",1992-01-26,28.5119781,72,"United States","2","Casey Patterson",1980-04-20,40.2792608,78,"United States","Theo Brunner",1985-03-17,35.3730322,79,"United States","4","21-17, 21-13","0:41","Contender's Bracket","Round 2",18,13,1,0.667,2,3,3,3,22,13,3,0.455,4,0,0,8,25,14,5,0.36,1,1,0,6,16,8,1,0.438,0,3,2,3
"AVP","Long Beach","United States",2020,2020-07-31,"M",10,"Chaim Schalk",1986-04-23,34.2724162,77,"Canada","Chase Budinger",1988-05-22,32.1916496,79,"United States","5","Billy Allen",1981-10-15,38.7926078,74,"United States","Stafford Slick",1985-01-04,35.5701574,80,"United States","7, Q1","21-19, 11-21, 15-13","1:02","Contender's Bracket","Round 2",34,22,1,0.618,0,1,0,11,26,16,3,0.5,1,3,2,3,37,27,1,0.703,0,0,0,13,23,12,2,0.435,4,4,1,5
"AVP","Long Beach","United States",2020,2020-07-31,"M",11,"Nick Lucena",1979-09-22,40.8569473,73,"United States","Phil Dalhausser",1980-01-26,40.5119781,81,"United States","1","Jake Gibb",1976-02-06,44.4818617,79,"United States","Taylor Crabb",1992-01-26,28.5119781,72,"United States","2","21-19, 23-21","0:51","Semifinals",,30,15,7,0.267,0,5,0,14,24,14,2,0.5,3,5,2,1,24,9,3,0.25,0,2,5,4,21,12,4,0.381,0,1,0,12
"AVP","Long Beach","United States",2020,2020-07-31,"M",12,"Trevor Crabb",1989-09-15,30.8747433,76,"United States","Tri Bourne",1989-06-20,31.1129363,77,"United States","3","Chaim Schalk",1986-04-23,34.2724162,77,"Canada","Chase Budinger",1988-05-22,32.1916496,79,"United States","5","12-21, 21-16, 15-12","0:59","Semifinals",,23,15,1,0.609,0,0,2,5,39,20,4,0.41,2,3,2,9,47,27,4,0.489,0,3,0,16,18,13,2,0.611,3,2,5,3
"AVP","Long Beach","United States",2020,2020-07-31,"M",13,"Trevor Crabb",1989-09-15,30.8747433,76,"United States","Tri Bourne",1989-06-20,31.1129363,77,"United States","3","Nick Lucena",1979-09-22,40.8569473,73,"United States","Phil Dalhausser",1980-01-26,40.5119781,81,"United States","1","21-17, 15-21, 15-12","1:06","Finals",,23,12,3,0.391,0,2,1,7,43,23,6,0.395,0,1,2,7,45,22,9,0.289,0,1,0,14,22,15,4,0.5,0,1,5,4
"AVP","Long Beach","United States",2020,2020-07-31,"W",1,"Delaney Knudsen",1995-08-16,24.9582478,70,"United States","Katie Spieler",1994-10-27,25.7604381,65,"United States","Q8","Karolina Marciniak",1988-03-18,32.3696099,71,"Poland","Lane Carico",1990-04-25,30.2669405,70,"United States","Q9","21-13, 14-21, 15-12","0:50","Qualifier Bracket","Round 1",,,,,,,,,,,,,,,,,,,,,,,,,,,,,,,,
"AVP","Long Beach","United States",2020,2020-07-31,"W",2,"Kathryn Hogan",1994-03-19,26.3682409,,"United States","Molly Turner",1996-06-23,24.1040383,,"United States","Q12","Amanda Dowdy Lawson",1990-05-05,30.2395619,74,"United States","Susannah Muno",1996-05-13,24.2162902,70,"United States","Q5","21-17, 21-16","0:45","Qualifier Bracket","Round 1",,,,,,,,,,,,,,,,,,,,,,,,,,,,,,,,
"AVP","Long Beach","United States",2020,2020-07-31,"W",3,"Mackenzie Ponnet",1993-05-16,27.2087611,,"United States","Sheila Shaw",1983-12-21,36.6105407,73,"United States","8, Q6","Kendra VanZwieten",1985-02-08,35.4743326,66,"United States","Kim DiCello",1984-09-30,35.8329911,72,"United States","Q11","13-21, 21-15, 15-8","0:52","Qualifier Bracket","Round 1",,,,,,,,,,,,,,,,,,,,,,,,,,,,,,,,
"AVP","Long Beach","United States",2020,2020-07-31,"W",4,"Kimberly Hildreth",1991-01-21,29.5249829,,"United States","Sarah Schermerhorn",1988-11-23,31.6851472,,"United States","Q7","Brittany Tiegs",1991-09-30,28.8350445,69,"United States","Carly Wopat",1992-10-13,27.797399,,"United States","Q10","21-18, 21-16","0:43","Qualifier Bracket","Round 1",,,,,,,,,,,,,,,,,,,,,,,,,,,,,,,,
"AVP","Long Beach","United States",2020,2020-07-31,"W",5,"Crissy Jones",1996-10-30,23.7508556,74,"United States","Traci Callahan",1987-02-20,33.4428474,72,"United States","7, Q1","Delaney Knudsen",1995-08-16,24.9582478,70,"United States","Katie Spieler",1994-10-27,25.7604381,65,"United States","Q8","21-15, 21-15",,"Qualifier Bracket","Round 2",,,,,,,,,,,,,,,,,,,,,,,,,,,,,,,,
"AVP","Long Beach","United States",2020,2020-07-31,"W",6,"Kathryn Hogan",1994-03-19,26.3682409,,"United States","Molly Turner",1996-06-23,24.1040383,,"United States","Q12","Kelly Reeves",1992-04-08,28.312115,72,"United States","Terese Cannon",1995-10-01,24.8323066,75,"United States","Q4","21-16, 21-17","0:40","Qualifier Bracket","Round 2",,,,,,,,,,,,,,,,,,,,,,,,,,,,,,,,
"AVP","Long Beach","United States",2020,2020-07-31,"W",7,"Mackenzie Ponnet",1993-05-16,27.2087611,,"United States","Sheila Shaw",1983-12-21,36.6105407,73,"United States","8, Q6","Allie Wheeler",1995-09-09,24.8925394,71,"United States","Corinne Quiggle",1997-05-11,23.2224504,70,"United States","Q3","27-25, 21-17","0:50","Qualifier Bracket","Round 2",,,,,,,,,,,,,,,,,,,,,,,,,,,,,,,,
"AVP","Long Beach","United States",2020,2020-07-31,"W",8,"Jace Pardon",1993-06-09,27.1430527,70,"United States","Karissa Cook",1991-04-08,29.3141684,71,"United States","Q2","Kimberly Hildreth",1991-01-21,29.5249829,,"United States","Sarah Schermerhorn",1988-11-23,31.6851472,,"United States","Q7","21-13, 21-11","0:33","Qualifier Bracket","Round 2",,,,,,,,,,,,,,,,,,,,,,,,,,,,,,,,
"AVP","Long Beach","United States",2020,2020-07-31,"W",9,"Crissy Jones",1996-10-30,23.7508556,74,"United States","Traci Callahan",1987-02-20,33.4428474,72,"United States","7, Q1","Kathryn Hogan",1994-03-19,26.3682409,,"United States","Molly Turner",1996-06-23,24.1040383,,"United States","Q12","21-17, 21-19","0:51","Qualifier Bracket","Round 3",,,,,,,,,,,,,,,,,,,,,,,,,,,,,,,,
"AVP","Long Beach","United States",2020,2020-07-31,"W",10,"Mackenzie Ponnet",1993-05-16,27.2087611,,"United States","Sheila Shaw",1983-12-21,36.6105407,73,"United States","8, Q6","Jace Pardon",1993-06-09,27.1430527,70,"United States","Karissa Cook",1991-04-08,29.3141684,71,"United States","Q2","17-21, 21-17, 15-13","0:53","Qualifier Bracket","Round 3",,,,,,,,,,,,,,,,,,,,,,,,,,,,,,,,
"AVP","Long Beach","United States",2020,2020-07-31,"W",1,"Alix Klineman",1989-12-30,30.5845311,77,"United States","April Ross",1982-06-20,38.1136208,73,"United States","1","Mackenzie Ponnet",1993-05-16,27.2087611,,"United States","Sheila Shaw",1983-12-21,36.6105407,73,"United States","8, Q6","21-15, 21-19","0:45","Winner's Bracket","Round 1",28,19,3,0.571,3,2,1,6,18,10,2,0.444,2,2,0,11,28,17,2,0.536,1,3,0,9,16,6,2,0.25,2,2,1,3
"AVP","Long Beach","United States",2020,2020-07-31,"W",2,"Kelly Claes",1995-09-18,24.8678987,74,"United States","Sarah Sponcil",1996-08-16,23.9561944,70,"United States","4","Emily Day",1987-08-09,32.9774127,73,"United States","Lauren Fendrick",1982-03-20,38.3655031,75,"United States","5","24-22, 21-8","0:42","Winner's Bracket","Round 1",27,20,3,0.63,2,0,1,6,15,6,3,0.2,5,0,0,9,27,16,5,0.407,0,4,0,4,23,8,2,0.261,2,2,2,4
"AVP","Long Beach","United States",2020,2020-07-31,"W",3,"Emily Stockman",1988-06-06,32.1505818,72,"United States","Kelley Kolinske",1992-05-03,28.2436687,74,"United States","6","Brandie Wilkerson",1992-07-01,28.0821355,70,"Canada","Sara Hughes",1995-02-14,25.4592745,70,"United States","3","21-18, 21-13","0:42","Winner's Bracket","Round 1",39,22,2,0.513,2,3,0,20,16,8,2,0.375,1,1,2,8,25,10,4,0.24,1,3,4,9,33,11,2,0.273,1,0,0,13
"AVP","Long Beach","United States",2020,2020-07-31,"W",4,"Melissa Humana-Paredes",1992-10-10,27.8056126,69,"Canada","Sarah Pavan",1986-08-16,33.9575633,77,"Canada","2","Crissy Jones",1996-10-30,23.7508556,74,"United States","Traci Callahan",1987-02-20,33.4428474,72,"United States","7, Q1","21-15, 21-16","0:43","Winner's Bracket","Round 1",25,17,3,0.56,2,3,0,15,20,10,3,0.35,0,2,4,0,16,7,4,0.188,0,1,0,4,30,14,8,0.2,0,2,0,8
"AVP","Long Beach","United States",2020,2020-07-31,"W",5,"Alix Klineman",1989-12-30,30.5845311,77,"United States","April Ross",1982-06-20,38.1136208,73,"United States","1","Kelly Claes",1995-09-18,24.8678987,74,"United States","Sarah Sponcil",1996-08-16,23.9561944,70,"United States","4","21-17, 21-15","0:48","Winner's Bracket","Round 2",27,14,5,0.333,0,5,1,4,46,23,6,0.37,1,6,0,18,39,21,3,0.462,0,4,5,2,17,8,1,0.412,0,1,0,15
"AVP","Long Beach","United States",2020,2020-07-31,"W",5,"Alix Klineman",1989-12-30,30.5845311,77,"United States","April Ross",1982-06-20,38.1136208,73,"United States","1","Kelly Claes",1995-09-18,24.8678987,74,"United States","Sarah Sponcil",1996-08-16,23.9561944,70,"United States","4","21-17, 21-15","0:48","Winner's Bracket","Round 2",23,14,2,0.522,2,1,2,6,23,14,2,0.522,0,1,0,9,36,22,8,0.389,2,2,2,4,16,4,2,0.125,0,1,0,10
"AVP","Long Beach","United States",2020,2020-07-31,"W",6,"Melissa Humana-Paredes",1992-10-10,27.8056126,69,"Canada","Sarah Pavan",1986-08-16,33.9575633,77,"Canada","2","Emily Stockman",1988-06-06,32.1505818,72,"United States","Kelley Kolinske",1992-05-03,28.2436687,74,"United States","6","21-16, 21-18","0:46","Winner's Bracket","Round 2",31,17,1,0.516,1,0,0,11,22,9,1,0.364,0,1,5,3,31,18,5,0.419,1,1,0,8,31,12,10,0.065,0,0,1,13
"AVP","Long Beach","United States",2020,2020-07-31,"W",7,"Mackenzie Ponnet",1993-05-16,27.2087611,,"United States","Sheila Shaw",1983-12-21,36.6105407,73,"United States","8, Q6","Emily Day",1987-08-09,32.9774127,73,"United States","Lauren Fendrick",1982-03-20,38.3655031,75,"United States","5","15-21, 21-17, 15-11","0:57","Contender's Bracket","Round 1",28,14,2,0.429,2,1,0,16,34,22,5,0.5,2,4,0,2,53,26,4,0.415,2,3,1,9,11,10,0,0.909,0,5,0,10
"AVP","Long Beach","United States",2020,2020-07-31,"W",8,"Brandie Wilkerson",1992-07-01,28.0821355,70,"Canada","Sara Hughes",1995-02-14,25.4592745,70,"United States","3","Crissy Jones",1996-10-30,23.7508556,74,"United States","Traci Callahan",1987-02-20,33.4428474,72,"United States","7, Q1","16-21, 22-20, 15-7","0:59","Contender's Bracket","Round 1",23,11,3,0.348,1,4,4,3,28,18,3,0.536,1,2,0,15,16,9,3,0.375,0,0,3,4,37,16,4,0.324,2,6,0,12
"AVP","Long Beach","United States",2020,2020-07-31,"W",8,"Brandie Wilkerson",1992-07-01,28.0821355,70,"Canada","Sara Hughes",1995-02-14,25.4592745,70,"United States","3","Crissy Jones",1996-10-30,23.7508556,74,"United States","Traci Callahan",1987-02-20,33.4428474,72,"United States","7, Q1","16-21, 22-20, 15-7","0:59","Contender's Bracket","Round 1",29,16,7,0.31,1,0,7,8,42,18,9,0.214,3,0,0,20,26,11,6,0.192,1,0,6,3,46,18,9,0.196,1,1,0,15
"AVP","Long Beach","United States",2020,2020-07-31,"W",9,"Emily Stockman",1988-06-06,32.1505818,72,"United States","Kelley Kolinske",1992-05-03,28.2436687,74,"United States","6","Mackenzie Ponnet",1993-05-16,27.2087611,,"United States","Sheila Shaw",1983-12-21,36.6105407,73,"United States","8, Q6","21-16, 19-21, 16-14","1:08","Contender's Bracket","Round 2",56,23,5,0.321,1,3,0,28,34,17,0,0.5,1,0,1,15,62,24,6,0.29,3,4,0,29,38,17,4,0.342,1,4,3,17
"AVP","Long Beach","United States",2020,2020-07-31,"W",10,"Kelly Claes",1995-09-18,24.8678987,74,"United States","Sarah Sponcil",1996-08-16,23.9561944,70,"United States","4","Brandie Wilkerson",1992-07-01,28.0821355,70,"Canada","Sara Hughes",1995-02-14,25.4592745,70,"United States","3","21-16, 21-16","0:39","Contender's Bracket","Round 2",44,28,3,0.568,0,0,3,8,16,2,3,-0.063,1,3,0,18,19,8,1,0.368,0,1,3,3,42,13,7,0.143,1,2,0,16
"AVP","Long Beach","United States",2020,2020-07-31,"W",11,"Alix Klineman",1989-12-30,30.5845311,77,"United States","April Ross",1982-06-20,38.1136208,73,"United States","1","Emily Stockman",1988-06-06,32.1505818,72,"United States","Kelley Kolinske",1992-05-03,28.2436687,74,"United States","6","21-18, 21-17","0:51","Semifinals",,25,14,4,0.4,0,4,4,3,31,15,6,0.29,2,3,0,12,28,9,8,0.036,1,1,0,13,17,10,2,0.471,0,2,4,1
"AVP","Long Beach","United States",2020,2020-07-31,"W",12,"Kelly Claes",1995-09-18,24.8678987,74,"United States","Sarah Sponcil",1996-08-16,23.9561944,70,"United States","4","Melissa Humana-Paredes",1992-10-10,27.8056126,69,"Canada","Sarah Pavan",1986-08-16,33.9575633,77,"Canada","2","21-16, 21-13","0:40","Semifinals",,28,17,3,0.5,0,4,3,9,18,10,0,0.556,1,1,0,19,40,12,5,0.175,1,3,0,14,16,5,2,0.188,2,4,0,5
"AVP","Long Beach","United States",2020,2020-07-31,"W",13,"Alix Klineman",1989-12-30,30.5845311,77,"United States","April Ross",1982-06-20,38.1136208,73,"United States","1","Kelly Claes",1995-09-18,24.8678987,74,"United States","Sarah Sponcil",1996-08-16,23.9561944,70,"United States","4","21-18, 21-17","0:50","Finals",,26,16,1,0.577,1,1,0,2,29,14,4,0.345,3,2,0,14,41,23,6,0.415,1,3,1,6,12,6,1,0.417,0,0,0,9
